SEGMENT,lat,lon,NORTHING,EASTING,DEPTH,SLIP,STRIKE,DIP,RAKE,WIDTH,LENGTH,RUPTURE TIME
1,-38.8776,178.4948,3258.80273,-35367.7852,23493.9043,0,60,45,119.081,2000,2000,13.9
1,-38.8776,178.4948,4258.80273,-33635.7344,23493.9043,0,60,45,119.808,2000,2000,22.603
1,-38.8776,178.4948,5258.80273,-31903.6836,23493.9043,0.01,60,45,119.808,2000,2000,22.127
1,-38.8776,178.4948,6258.80273,-30171.6328,23493.9043,0.01,60,45,119.808,2000,2000,21.668
1,-38.8776,178.4948,7258.80273,-28439.582,23493.9043,0.01,60,45,119.808,2000,2000,21.228
1,-38.8776,178.4948,8258.80273,-26707.5312,23493.9043,0.01,60,45,119.808,2000,2000,20.81
1,-38.8776,178.4948,9258.80273,-24975.4805,23493.9043,0.01,60,45,119.808,2000,2000,20.416
1,-38.8776,178.4948,10258.8027,-23243.4297,23493.9043,0.01,60,45,119.808,2000,2000,20.048
1,-38.8776,178.4948,11258.8027,-21511.3789,23493.9043,0.01,60,45,119.808,2000,2000,19.71
1,-38.8776,178.4948,12258.8018,-19779.3281,23493.9043,0.01,60,45,119.808,2000,2000,19.405
1,-38.8776,178.4948,13258.8018,-18047.2754,23493.9043,0.01,60,45,119.808,2000,2000,19.135
1,-38.8776,178.4948,14258.8018,-16315.2246,23493.9043,0.01,60,45,119.808,2000,2000,18.903
1,-38.8776,178.4948,15258.8018,-14583.1738,23493.9043,0,60,45,119.808,2000,2000,18.712
1,-38.8776,178.4948,16258.8018,-12851.123,23493.9043,0,60,45,119.808,2000,2000,18.565
1,-38.8776,178.4948,17258.8008,-11119.0723,23493.9043,0,60,45,119.659,2000,2000,9.269
1,-38.8776,178.4948,18258.8008,-9387.02148,23493.9043,0,60,45,119.281,2000,2000,9.215
1,-38.8776,178.4948,19258.8008,-7654.9707,23493.9043,0,60,45,115.676,2000,2000,9.209
1,-38.8776,178.4948,20258.8008,-5922.91992,23493.9043,0,60,45,115.676,2000,2000,9.251
1,-38.8776,178.4948,21258.8008,-4190.86914,23493.9043,0,60,45,131.894,2000,2000,9.341
1,-38.8776,178.4948,22258.8008,-2458.81641,23493.9043,0,60,45,112.1,2000,2000,9.477
1,-38.8776,178.4948,23258.8008,-726.765625,23493.9043,0,60,45,112.1,2000,2000,9.657
1,-38.8776,178.4948,24258.8008,1005.28516,23493.9043,0,60,45,112.1,2000,2000,9.879
1,-38.8776,178.4948,25258.8008,2737.33594,23493.9043,0,60,45,98.929,2000,2000,10.14
1,-38.8776,178.4948,26258.8008,4469.38672,23493.9043,0,60,45,98.929,2000,2000,10.437
1,-38.8776,178.4948,27258.8008,6201.4375,23493.9043,0,60,45,98.929,2000,2000,10.767
1,-38.8776,178.4948,28258.8008,7933.48828,23493.9043,0,60,45,300,2000,2000,11.127
1,-38.8776,178.4948,29258.8008,9665.53906,23493.9043,0,60,45,300,2000,2000,11.515
1,-38.8776,178.4948,30258.8008,11397.5898,23493.9043,0,60,45,300,2000,2000,11.928
1,-38.8776,178.4948,31258.8008,13129.6406,23493.9043,0,60,45,300,2000,2000,12.362
1,-38.8776,178.4948,32258.8008,14861.6914,23493.9043,0,60,45,300,2000,2000,12.817
1,-38.8776,178.4948,2034.05786,-34660.6797,24908.1172,0.01,60,45,119.808,2000,2000,22.663
1,-38.8776,178.4948,3034.05786,-32928.6289,24908.1172,0.01,60,45,119.808,2000,2000,22.155
1,-38.8776,178.4948,4034.05786,-31196.5762,24908.1172,0.01,60,45,119.808,2000,2000,21.661
1,-38.8776,178.4948,5034.05762,-29464.5254,24908.1172,0.01,60,45,119.808,2000,2000,21.184
1,-38.8776,178.4948,6034.05762,-27732.4746,24908.1172,0.02,60,45,119.808,2000,2000,20.726
1,-38.8776,178.4948,7034.05762,-26000.4238,24908.1172,0.02,60,45,119.808,2000,2000,20.289
1,-38.8776,178.4948,8034.05762,-24268.373,24908.1172,0.02,60,45,119.808,2000,2000,19.876
1,-38.8776,178.4948,9034.05762,-22536.3223,24908.1172,0.02,60,45,119.808,2000,2000,19.489
1,-38.8776,178.4948,10034.0576,-20804.2715,24908.1172,0.02,60,45,119.808,2000,2000,19.132
1,-38.8776,178.4948,11034.0566,-19072.2207,24908.1172,0.02,60,45,119.808,2000,2000,18.808
1,-38.8776,178.4948,12034.0566,-17340.168,24908.1172,0.01,60,45,119.808,2000,2000,18.521
1,-38.8776,178.4948,13034.0566,-15608.1182,24908.1172,0.01,60,45,119.808,2000,2000,18.273
1,-38.8776,178.4948,14034.0566,-13876.0674,24908.1172,0.01,60,45,119.808,2000,2000,18.069
1,-38.8776,178.4948,15034.0566,-12144.0166,24908.1172,0.01,60,45,119.808,2000,2000,17.911
1,-38.8776,178.4948,16034.0557,-10411.9658,24908.1172,0,60,45,119.808,2000,2000,17.802
1,-38.8776,178.4948,17034.0566,-8679.91504,24908.1172,0,60,45,119.328,2000,2000,8.549
1,-38.8776,178.4948,18034.0566,-6947.86426,24908.1172,0,60,45,118.956,2000,2000,8.542
1,-38.8776,178.4948,19034.0566,-5215.81348,24908.1172,0,60,45,115.061,2000,2000,8.588
1,-38.8776,178.4948,20034.0566,-3483.76245,24908.1172,0,60,45,119.03,2000,2000,8.685
1,-38.8776,178.4948,21034.0566,-1751.70972,24908.1172,0,60,45,129.874,2000,2000,8.831
1,-38.8776,178.4948,22034.0566,-19.658935,24908.1172,0,60,45,131.894,2000,2000,9.024
1,-38.8776,178.4948,23034.0566,1712.39185,24908.1172,0,60,45,112.1,2000,2000,9.261
1,-38.8776,178.4948,24034.0566,3444.44263,24908.1172,0,60,45,112.1,2000,2000,9.539
1,-38.8776,178.4948,25034.0566,5176.49316,24908.1172,0,60,45,98.929,2000,2000,9.854
1,-38.8776,178.4948,26034.0566,6908.54395,24908.1172,0,60,45,98.929,2000,2000,10.203
1,-38.8776,178.4948,27034.0566,8640.59473,24908.1172,0,60,45,98.929,2000,2000,10.583
1,-38.8776,178.4948,28034.0566,10372.6455,24908.1172,0,60,45,300,2000,2000,10.99
1,-38.8776,178.4948,29034.0566,12104.6963,24908.1172,0,60,45,300,2000,2000,11.421
1,-38.8776,178.4948,30034.0566,13836.7471,24908.1172,0,60,45,300,2000,2000,11.874
1,-38.8776,178.4948,31034.0566,15568.7979,24908.1172,0,60,45,300,2000,2000,12.347
1,-38.8776,178.4948,809.312988,-33953.5703,26322.332,0.01,60,45,119.808,2000,2000,22.251
1,-38.8776,178.4948,1809.31299,-32221.5215,26322.332,0.02,60,45,119.808,2000,2000,21.726
1,-38.8776,178.4948,2809.31299,-30489.4707,26322.332,0.02,60,45,119.808,2000,2000,21.214
1,-38.8776,178.4948,3809.31299,-28757.4199,26322.332,0.03,60,45,119.808,2000,2000,20.719
1,-38.8776,178.4948,4809.31299,-27025.3691,26322.332,0.03,60,45,119.808,2000,2000,20.241
1,-38.8776,178.4948,5809.31299,-25293.3184,26322.332,0.03,60,45,119.808,2000,2000,19.784
1,-38.8776,178.4948,6809.31299,-23561.2676,26322.332,0.03,60,45,119.808,2000,2000,19.35
1,-38.8776,178.4948,7809.31299,-21829.2168,26322.332,0.03,60,45,119.808,2000,2000,18.943
1,-38.8776,178.4948,8809.3125,-20097.166,26322.332,0.03,60,45,119.808,2000,2000,18.565
1,-38.8776,178.4948,9809.3125,-18365.1152,26322.332,0.03,60,45,119.808,2000,2000,18.221
1,-38.8776,178.4948,10809.3125,-16633.0625,26322.332,0.02,60,45,119.808,2000,2000,17.914
1,-38.8776,178.4948,11809.3125,-14901.0117,26322.332,0.02,60,45,119.808,2000,2000,17.649
1,-38.8776,178.4948,12809.3125,-13168.9609,26322.332,0.01,60,45,119.808,2000,2000,17.43
1,-38.8776,178.4948,13809.3125,-11436.9102,26322.332,0.01,60,45,119.808,2000,2000,17.259
1,-38.8776,178.4948,14809.3105,-9704.85938,26322.332,0.01,60,45,119.808,2000,2000,17.141
1,-38.8776,178.4948,15809.3105,-7972.80811,26322.332,0,60,45,119.808,2000,2000,17.078
1,-38.8776,178.4948,16809.3105,-6240.75732,26322.332,0,60,45,119.431,2000,2000,7.876
1,-38.8776,178.4948,17809.3105,-4508.70654,26322.332,0,60,45,118.956,2000,2000,7.925
1,-38.8776,178.4948,18809.3105,-2776.65576,26322.332,0,60,45,115.676,2000,2000,8.03
1,-38.8776,178.4948,19809.3105,-1044.60303,26322.332,0,60,45,119.03,2000,2000,8.188
1,-38.8776,178.4948,20809.3105,687.447754,26322.332,0,60,45,116.919,2000,2000,8.396
1,-38.8776,178.4948,21809.3105,2419.49854,26322.332,0,60,45,131.894,2000,2000,8.65
1,-38.8776,178.4948,22809.3105,4151.54932,26322.332,0,60,45,103.064,2000,2000,8.947
1,-38.8776,178.4948,23809.3105,5883.6001,26322.332,0,60,45,103.064,2000,2000,9.282
1,-38.8776,178.4948,24809.3105,7615.65088,26322.332,0,60,45,103.064,2000,2000,9.652
1,-38.8776,178.4948,25809.3105,9347.70117,26322.332,0,60,45,103.064,2000,2000,10.052
1,-38.8776,178.4948,26809.3105,11079.752,26322.332,0,60,45,98.929,2000,2000,10.48
1,-38.8776,178.4948,27809.3105,12811.8027,26322.332,0,60,45,300,2000,2000,10.932
1,-38.8776,178.4948,28809.3105,14543.8535,26322.332,0,60,45,300,2000,2000,11.404
1,-38.8776,178.4948,29809.3105,16275.9043,26322.332,0,60,45,300,2000,2000,11.895
1,-38.8776,178.4948,-415.431885,-33246.4648,27736.5449,0.02,60,45,119.808,2000,2000,21.86
1,-38.8776,178.4948,584.568115,-31514.4141,27736.5449,0.03,60,45,119.808,2000,2000,21.318
1,-38.8776,178.4948,1584.56812,-29782.3633,27736.5449,0.04,60,45,119.808,2000,2000,20.788
1,-38.8776,178.4948,2584.56812,-28050.3125,27736.5449,0.04,60,45,119.808,2000,2000,20.274
1,-38.8776,178.4948,3584.56812,-26318.2617,27736.5449,0.05,60,45,119.808,2000,2000,19.776
1,-38.8776,178.4948,4584.56836,-24586.2109,27736.5449,0.05,60,45,119.808,2000,2000,19.298
1,-38.8776,178.4948,5584.56836,-22854.1602,27736.5449,0.05,60,45,119.808,2000,2000,18.843
1,-38.8776,178.4948,6584.56836,-21122.1094,27736.5449,0.05,60,45,119.808,2000,2000,18.413
1,-38.8776,178.4948,7584.56836,-19390.0586,27736.5449,0.05,60,45,119.808,2000,2000,18.013
1,-38.8776,178.4948,8584.56738,-17658.0078,27736.5449,0.04,60,45,119.808,2000,2000,17.646
1,-38.8776,178.4948,9584.56738,-15925.9551,27736.5449,0.03,60,45,119.808,2000,2000,17.318
1,-38.8776,178.4948,10584.5674,-14193.9043,27736.5449,0.03,60,45,119.808,2000,2000,17.032
1,-38.8776,178.4948,11584.5674,-12461.8535,27736.5449,0.02,60,45,119.808,2000,2000,16.795
1,-38.8776,178.4948,12584.5674,-10729.8027,27736.5449,0.01,60,45,119.808,2000,2000,16.61
1,-38.8776,178.4948,13584.5664,-8997.75195,27736.5449,0.01,60,45,119.808,2000,2000,16.482
1,-38.8776,178.4948,14584.5664,-7265.70117,27736.5449,0.01,60,45,119.808,2000,2000,16.413
1,-38.8776,178.4948,15584.5664,-5533.65039,27736.5449,0,60,45,119.808,2000,2000,16.405
1,-38.8776,178.4948,16584.5664,-3801.59985,27736.5449,0,60,45,119.783,2000,2000,7.264
1,-38.8776,178.4948,17584.5664,-2069.54907,27736.5449,0,60,45,119.281,2000,2000,7.378
1,-38.8776,178.4948,18584.5664,-337.496338,27736.5449,0,60,45,121.258,2000,2000,7.549
1,-38.8776,178.4948,19584.5664,1394.55444,27736.5449,0,60,45,121.326,2000,2000,7.774
1,-38.8776,178.4948,20584.5664,3126.60522,27736.5449,0,60,45,116.919,2000,2000,8.048
1,-38.8776,178.4948,21584.5664,4858.65625,27736.5449,0,60,45,103.064,2000,2000,8.366
1,-38.8776,178.4948,22584.5664,6590.70703,27736.5449,0,60,45,103.064,2000,2000,8.724
1,-38.8776,178.4948,23584.5664,8322.75781,27736.5449,0,60,45,103.064,2000,2000,9.116
1,-38.8776,178.4948,24584.5664,10054.8086,27736.5449,0,60,45,103.064,2000,2000,9.539
1,-38.8776,178.4948,25584.5664,11786.8594,27736.5449,0,60,45,98.929,2000,2000,9.989
1,-38.8776,178.4948,26584.5664,13518.9102,27736.5449,0,60,45,300,2000,2000,10.462
1,-38.8776,178.4948,27584.5664,15250.9609,27736.5449,0,60,45,300,2000,2000,10.955
1,-38.8776,178.4948,28584.5664,16983.0117,27736.5449,0,60,45,300,2000,2000,11.465
1,-38.8776,178.4948,-1640.17676,-32539.3594,29150.7578,0.04,60,45,119.808,2000,2000,21.493
1,-38.8776,178.4948,-640.176758,-30807.3086,29150.7578,0.05,60,45,119.808,2000,2000,20.934
1,-38.8776,178.4948,359.823242,-29075.2578,29150.7578,0.06,60,45,119.808,2000,2000,20.386
1,-38.8776,178.4948,1359.82324,-27343.207,29150.7578,0.07,60,45,119.808,2000,2000,19.852
1,-38.8776,178.4948,2359.82324,-25611.1562,29150.7578,0.08,60,45,119.808,2000,2000,19.334
1,-38.8776,178.4948,3359.82324,-23879.1055,29150.7578,0.08,60,45,119.808,2000,2000,18.834
1,-38.8776,178.4948,4359.82324,-22147.0547,29150.7578,0.08,60,45,119.808,2000,2000,18.356
1,-38.8776,178.4948,5359.82324,-20415.0039,29150.7578,0.07,60,45,119.808,2000,2000,17.902
1,-38.8776,178.4948,6359.82324,-18682.9531,29150.7578,0.07,60,45,119.808,2000,2000,17.477
1,-38.8776,178.4948,7359.82227,-16950.9023,29150.7578,0.06,60,45,119.808,2000,2000,17.085
1,-38.8776,178.4948,8359.82227,-15218.8486,29150.7578,0.05,60,45,119.808,2000,2000,16.732
1,-38.8776,178.4948,9359.82227,-13486.7979,29150.7578,0.04,60,45,119.808,2000,2000,16.424
1,-38.8776,178.4948,10359.8223,-11754.7471,29150.7578,0.03,60,45,119.808,2000,2000,16.166
1,-38.8776,178.4948,11359.8223,-10022.6963,29150.7578,0.02,60,45,119.808,2000,2000,15.964
1,-38.8776,178.4948,12359.8213,-8290.64551,29150.7578,0.01,60,45,119.808,2000,2000,15.823
1,-38.8776,178.4948,13359.8213,-6558.59473,29150.7578,0.01,60,45,119.808,2000,2000,15.747
1,-38.8776,178.4948,14359.8213,-4826.54395,29150.7578,0,60,45,119.808,2000,2000,15.739
1,-38.8776,178.4948,15359.8213,-3094.49316,29150.7578,0,60,45,120.385,2000,2000,6.603
1,-38.8776,178.4948,16359.8213,-1362.44238,29150.7578,0,60,45,118.956,2000,2000,6.728
1,-38.8776,178.4948,17359.8203,369.610352,29150.7578,0,60,45,129.392,2000,2000,6.916
1,-38.8776,178.4948,18359.8203,2101.66113,29150.7578,0,60,45,119.03,2000,2000,7.16
1,-38.8776,178.4948,19359.8203,3833.71191,29150.7578,0,60,45,121.326,2000,2000,7.457
1,-38.8776,178.4948,20359.8203,5565.7627,29150.7578,0,60,45,126.66,2000,2000,7.799
1,-38.8776,178.4948,21359.8203,7297.81348,29150.7578,0,60,45,103.064,2000,2000,8.182
1,-38.8776,178.4948,22359.8203,9029.86426,29150.7578,0,60,45,103.064,2000,2000,8.599
1,-38.8776,178.4948,23359.8203,10761.915,29150.7578,0,60,45,103.064,2000,2000,9.046
1,-38.8776,178.4948,24359.8203,12493.9658,29150.7578,0,60,45,112.1,2000,2000,9.519
1,-38.8776,178.4948,25359.8203,14226.0166,29150.7578,0,60,45,98.929,2000,2000,10.014
1,-38.8776,178.4948,26359.8203,15958.0674,29150.7578,0,60,45,300,2000,2000,10.528
1,-38.8776,178.4948,27359.8203,17690.1172,29150.7578,0,60,45,300,2000,2000,11.058
1,-38.8776,178.4948,-2864.92188,-31832.252,30564.9727,0.06,60,45,119.808,2000,2000,21.152
1,-38.8776,178.4948,-1864.92188,-30100.2012,30564.9727,0.08,60,45,119.808,2000,2000,20.576
1,-38.8776,178.4948,-864.921875,-28368.1504,30564.9727,0.09,60,45,119.808,2000,2000,20.01
1,-38.8776,178.4948,135.078125,-26636.0996,30564.9727,0.11,60,45,119.808,2000,2000,19.457
1,-38.8776,178.4948,1135.07812,-24904.0488,30564.9727,0.11,60,45,119.808,2000,2000,18.918
1,-38.8776,178.4948,2135.07812,-23171.998,30564.9727,0.12,60,45,119.808,2000,2000,18.395
1,-38.8776,178.4948,3135.07812,-21439.9473,30564.9727,0.11,60,45,119.808,2000,2000,17.892
1,-38.8776,178.4948,4135.07812,-19707.8965,30564.9727,0.11,60,45,119.808,2000,2000,17.413
1,-38.8776,178.4948,5135.07812,-17975.8457,30564.9727,0.09,60,45,119.808,2000,2000,16.961
1,-38.8776,178.4948,6135.07715,-16243.7949,30564.9727,0.08,60,45,119.808,2000,2000,16.542
1,-38.8776,178.4948,7135.07715,-14511.7422,30564.9727,0.06,60,45,119.808,2000,2000,16.162
1,-38.8776,178.4948,8135.07715,-12779.6914,30564.9727,0.05,60,45,119.808,2000,2000,15.827
1,-38.8776,178.4948,9135.07715,-11047.6406,30564.9727,0.04,60,45,119.808,2000,2000,15.545
1,-38.8776,178.4948,10135.0771,-9315.58984,30564.9727,0.02,60,45,119.808,2000,2000,15.322
1,-38.8776,178.4948,11135.0762,-7583.53906,30564.9727,0.02,60,45,119.808,2000,2000,15.166
1,-38.8776,178.4948,12135.0762,-5851.48828,30564.9727,0.01,60,45,119.808,2000,2000,15.082
1,-38.8776,178.4948,13135.0762,-4119.4375,30564.9727,0.01,60,45,119.808,2000,2000,15.073
1,-38.8776,178.4948,14135.0762,-2387.38647,30564.9727,0,60,45,120.385,2000,2000,5.943
1,-38.8776,178.4948,15135.0762,-655.335693,30564.9727,0,60,45,119.116,2000,2000,6.082
1,-38.8776,178.4948,16135.0762,1076.71704,30564.9727,0,60,45,128.391,2000,2000,6.289
1,-38.8776,178.4948,17135.0762,2808.76782,30564.9727,0,60,45,119.427,2000,2000,6.557
1,-38.8776,178.4948,18135.0762,4540.81836,30564.9727,0,60,45,121.326,2000,2000,6.88
1,-38.8776,178.4948,19135.0762,6272.86914,30564.9727,0,60,45,116.919,2000,2000,7.25
1,-38.8776,178.4948,20135.0762,8004.91992,30564.9727,0,60,45,103.064,2000,2000,7.66
1,-38.8776,178.4948,21135.0762,9736.9707,30564.9727,0,60,45,103.064,2000,2000,8.104
1,-38.8776,178.4948,22135.0762,11469.0215,30564.9727,0,60,45,103.064,2000,2000,8.577
1,-38.8776,178.4948,23135.0762,13201.0723,30564.9727,0,60,45,112.1,2000,2000,9.074
1,-38.8776,178.4948,24135.0762,14933.123,30564.9727,0,60,45,98.929,2000,2000,9.592
1,-38.8776,178.4948,25135.0762,16665.1738,30564.9727,0,60,45,300,2000,2000,10.128
1,-38.8776,178.4948,26135.0762,18397.2246,30564.9727,0,60,45,300,2000,2000,10.678
1,-38.8776,178.4948,-4089.6665,-31125.1445,31979.1855,0.09,60,45,119.808,2000,2000,20.839
1,-38.8776,178.4948,-3089.6665,-29393.0938,31979.1855,0.11,60,45,119.808,2000,2000,20.247
1,-38.8776,178.4948,-2089.6665,-27661.043,31979.1855,0.13,60,45,119.808,2000,2000,19.663
1,-38.8776,178.4948,-1089.6665,-25928.9922,31979.1855,0.15,60,45,119.808,2000,2000,19.09
1,-38.8776,178.4948,-89.666504,-24196.9414,31979.1855,0.16,60,45,119.808,2000,2000,18.53
1,-38.8776,178.4948,910.333496,-22464.8906,31979.1855,0.16,60,45,119.808,2000,2000,17.985
1,-38.8776,178.4948,1910.3335,-20732.8398,31979.1855,0.15,60,45,119.808,2000,2000,17.457
1,-38.8776,178.4948,2910.3335,-19000.7891,31979.1855,0.14,60,45,119.808,2000,2000,16.951
1,-38.8776,178.4948,3910.3335,-17268.7383,31979.1855,0.12,60,45,119.808,2000,2000,16.47
1,-38.8776,178.4948,4910.33252,-15536.6875,31979.1855,0.1,60,45,119.808,2000,2000,16.021
1,-38.8776,178.4948,5910.33252,-13804.6348,31979.1855,0.08,60,45,119.808,2000,2000,15.61
1,-38.8776,178.4948,6910.33252,-12072.584,31979.1855,0.06,60,45,119.808,2000,2000,15.245
1,-38.8776,178.4948,7910.33252,-10340.5332,31979.1855,0.04,60,45,119.808,2000,2000,14.934
1,-38.8776,178.4948,8910.33203,-8608.48242,31979.1855,0.03,60,45,119.808,2000,2000,14.687
1,-38.8776,178.4948,9910.33203,-6876.43213,31979.1855,0.02,60,45,119.808,2000,2000,14.512
1,-38.8776,178.4948,10910.332,-5144.38135,31979.1855,0.01,60,45,119.808,2000,2000,14.417
1,-38.8776,178.4948,11910.332,-3412.33057,31979.1855,0.01,60,45,119.808,2000,2000,14.407
1,-38.8776,178.4948,12910.332,-1680.27979,31979.1855,0,60,45,119.808,2000,2000,14.481
1,-38.8776,178.4948,13910.332,51.770996,31979.1855,0,60,45,119.431,2000,2000,5.441
1,-38.8776,178.4948,14910.332,1783.82373,31979.1855,0,60,45,119.281,2000,2000,5.671
1,-38.8776,178.4948,15910.332,3515.87451,31979.1855,0,60,45,121.258,2000,2000,5.968
1,-38.8776,178.4948,16910.332,5247.92529,31979.1855,0,60,45,121.326,2000,2000,6.32
1,-38.8776,178.4948,17910.332,6979.97607,31979.1855,0,60,45,116.919,2000,2000,6.721
1,-38.8776,178.4948,18910.332,8712.02734,31979.1855,0,60,45,120.575,2000,2000,7.161
1,-38.8776,178.4948,19910.332,10444.0781,31979.1855,0,60,45,103.064,2000,2000,7.634
1,-38.8776,178.4948,20910.332,12176.1289,31979.1855,0,60,45,112.1,2000,2000,8.135
1,-38.8776,178.4948,21910.332,13908.1797,31979.1855,0,60,45,112.1,2000,2000,8.658
1,-38.8776,178.4948,22910.332,15640.2305,31979.1855,0,60,45,112.1,2000,2000,9.199
1,-38.8776,178.4948,23910.332,17372.2812,31979.1855,0,60,45,300,2000,2000,9.756
1,-38.8776,178.4948,24910.332,19104.332,31979.1855,0,60,45,300,2000,2000,10.326
1,-38.8776,178.4948,-5314.41113,-30418.0391,33393.3984,0.13,60,45,119.808,2000,2000,20.557
1,-38.8776,178.4948,-4314.41113,-28685.9883,33393.3984,0.16,60,45,119.808,2000,2000,19.949
1,-38.8776,178.4948,-3314.41113,-26953.9375,33393.3984,0.18,60,45,119.808,2000,2000,19.348
1,-38.8776,178.4948,-2314.41113,-25221.8867,33393.3984,0.2,60,45,119.808,2000,2000,18.757
1,-38.8776,178.4948,-1314.41113,-23489.8359,33393.3984,0.21,60,45,119.808,2000,2000,18.175
1,-38.8776,178.4948,-314.411133,-21757.7852,33393.3984,0.21,60,45,119.808,2000,2000,17.607
1,-38.8776,178.4948,685.588867,-20025.7344,33393.3984,0.2,60,45,119.808,2000,2000,17.054
1,-38.8776,178.4948,1685.58887,-18293.6836,33393.3984,0.18,60,45,119.808,2000,2000,16.52
1,-38.8776,178.4948,2685.58887,-16561.6328,33393.3984,0.15,60,45,119.808,2000,2000,16.009
1,-38.8776,178.4948,3685.58789,-14829.5811,33393.3984,0.13,60,45,119.808,2000,2000,15.527
1,-38.8776,178.4948,4685.58789,-13097.5283,33393.3984,0.1,60,45,119.808,2000,2000,15.082
1,-38.8776,178.4948,5685.58789,-11365.4775,33393.3984,0.07,60,45,119.808,2000,2000,14.682
1,-38.8776,178.4948,6685.58789,-9633.42676,33393.3984,0.05,60,45,119.808,2000,2000,14.337
1,-38.8776,178.4948,7685.58789,-7901.37598,33393.3984,0.03,60,45,119.808,2000,2000,14.059
1,-38.8776,178.4948,8685.58691,-6169.3252,33393.3984,0.02,60,45,119.808,2000,2000,13.861
1,-38.8776,178.4948,9685.58691,-4437.27441,33393.3984,0.01,60,45,119.808,2000,2000,13.753
1,-38.8776,178.4948,10685.5869,-2705.22363,33393.3984,0.01,60,45,119.808,2000,2000,13.741
1,-38.8776,178.4948,11685.5869,-973.172852,33393.3984,0,60,45,119.808,2000,2000,13.826
1,-38.8776,178.4948,12685.5869,758.87793,33393.3984,0,60,45,119.431,2000,2000,4.807
1,-38.8776,178.4948,13685.5869,2490.93066,33393.3984,0,60,45,119.281,2000,2000,5.066
1,-38.8776,178.4948,14685.5869,4222.98145,33393.3984,0,60,45,129.392,2000,2000,5.396
1,-38.8776,178.4948,15685.5869,5955.03223,33393.3984,0,60,45,121.326,2000,2000,5.784
1,-38.8776,178.4948,16685.5859,7687.08301,33393.3984,0,60,45,121.326,2000,2000,6.219
1,-38.8776,178.4948,17685.5859,9419.13379,33393.3984,0,60,45,126.66,2000,2000,6.692
1,-38.8776,178.4948,18685.5859,11151.1846,33393.3984,0,60,45,112.1,2000,2000,7.196
1,-38.8776,178.4948,19685.5859,12883.2354,33393.3984,0,60,45,112.1,2000,2000,7.725
1,-38.8776,178.4948,20685.5859,14615.2861,33393.3984,0,60,45,112.1,2000,2000,8.274
1,-38.8776,178.4948,21685.5859,16347.3369,33393.3984,0,60,45,112.1,2000,2000,8.839
1,-38.8776,178.4948,22685.5859,18079.3867,33393.3984,0,60,45,300,2000,2000,9.417
1,-38.8776,178.4948,23685.5859,19811.4375,33393.3984,0,60,45,300,2000,2000,10.007
1,-38.8776,178.4948,-6539.15625,-29710.9316,34807.6133,0.17,60,45,119.808,2000,2000,20.307
1,-38.8776,178.4948,-5539.15625,-27978.8809,34807.6133,0.21,60,45,119.808,2000,2000,19.685
1,-38.8776,178.4948,-4539.15625,-26246.8301,34807.6133,0.23,60,45,119.808,2000,2000,19.068
1,-38.8776,178.4948,-3539.15625,-24514.7793,34807.6133,0.25,60,45,119.808,2000,2000,18.459
1,-38.8776,178.4948,-2539.15625,-22782.7285,34807.6133,0.26,60,45,119.808,2000,2000,17.858
1,-38.8776,178.4948,-1539.15625,-21050.6777,34807.6133,0.26,60,45,119.808,2000,2000,17.267
1,-38.8776,178.4948,-539.15625,-19318.627,34807.6133,0.24,60,45,119.808,2000,2000,16.689
1,-38.8776,178.4948,460.84375,-17586.5762,34807.6133,0.21,60,45,119.808,2000,2000,16.126
1,-38.8776,178.4948,1460.84375,-15854.5254,34807.6133,0.18,60,45,119.808,2000,2000,15.584
1,-38.8776,178.4948,2460.84277,-14122.4746,34807.6133,0.15,60,45,119.808,2000,2000,15.068
1,-38.8776,178.4948,3460.84277,-12390.4219,34807.6133,0.11,60,45,119.808,2000,2000,14.585
1,-38.8776,178.4948,4460.84277,-10658.3711,34807.6133,0.08,60,45,119.808,2000,2000,14.144
1,-38.8776,178.4948,5460.84277,-8926.32031,34807.6133,0.06,60,45,119.808,2000,2000,13.759
1,-38.8776,178.4948,6460.84277,-7194.26953,34807.6133,0.04,60,45,119.808,2000,2000,13.444
1,-38.8776,178.4948,7460.8418,-5462.21875,34807.6133,0.02,60,45,119.808,2000,2000,13.216
1,-38.8776,178.4948,8460.8418,-3730.16797,34807.6133,0.01,60,45,119.808,2000,2000,13.09
1,-38.8776,178.4948,9460.8418,-1998.11719,34807.6133,0.01,60,45,119.808,2000,2000,13.076
1,-38.8776,178.4948,10460.8418,-266.066406,34807.6133,0,60,45,119.808,2000,2000,13.175
1,-38.8776,178.4948,11460.8418,1465.98438,34807.6133,0,60,45,119.846,2000,2000,4.184
1,-38.8776,178.4948,12460.8418,3198.03711,34807.6133,0,60,45,119.281,2000,2000,4.479
1,-38.8776,178.4948,13460.8418,4930.08789,34807.6133,0,60,45,129.392,2000,2000,4.849
1,-38.8776,178.4948,14460.8418,6662.13867,34807.6133,0,60,45,300,2000,2000,5.277
1,-38.8776,178.4948,15460.8418,8394.18945,34807.6133,0,60,45,300,2000,2000,5.75
1,-38.8776,178.4948,16460.8418,10126.2402,34807.6133,0,60,45,300,2000,2000,6.259
1,-38.8776,178.4948,17460.8418,11858.291,34807.6133,0,60,45,112.1,2000,2000,6.796
1,-38.8776,178.4948,18460.8418,13590.3418,34807.6133,0,60,45,112.1,2000,2000,7.353
1,-38.8776,178.4948,19460.8418,15322.3926,34807.6133,0,60,45,112.1,2000,2000,7.928
1,-38.8776,178.4948,20460.8418,17054.4434,34807.6133,0,60,45,112.1,2000,2000,8.516
1,-38.8776,178.4948,21460.8418,18786.4941,34807.6133,0,60,45,112.1,2000,2000,9.115
1,-38.8776,178.4948,22460.8418,20518.5449,34807.6133,0,60,45,300,2000,2000,9.722
1,-38.8776,178.4948,-7763.90137,-29003.8242,36221.8281,0.21,60,45,119.808,2000,2000,20.093
1,-38.8776,178.4948,-6763.90137,-27271.7734,36221.8281,0.25,60,45,119.808,2000,2000,19.457
1,-38.8776,178.4948,-5763.90137,-25539.7227,36221.8281,0.28,60,45,119.808,2000,2000,18.826
1,-38.8776,178.4948,-4763.90137,-23807.6719,36221.8281,0.3,60,45,119.808,2000,2000,18.2
1,-38.8776,178.4948,-3763.90137,-22075.6211,36221.8281,0.31,60,45,119.808,2000,2000,17.581
1,-38.8776,178.4948,-2763.90137,-20343.5703,36221.8281,0.3,60,45,119.808,2000,2000,16.969
1,-38.8776,178.4948,-1763.90137,-18611.5195,36221.8281,0.27,60,45,119.808,2000,2000,16.367
1,-38.8776,178.4948,-763.901367,-16879.4688,36221.8281,0.24,60,45,119.808,2000,2000,15.777
1,-38.8776,178.4948,236.098633,-15147.4189,36221.8281,0.2,60,45,119.808,2000,2000,15.204
1,-38.8776,178.4948,1236.09766,-13415.3682,36221.8281,0.16,60,45,119.808,2000,2000,14.651
1,-38.8776,178.4948,2236.09766,-11683.3154,36221.8281,0.12,60,45,119.808,2000,2000,14.128
1,-38.8776,178.4948,3236.09766,-9951.26465,36221.8281,0.09,60,45,119.808,2000,2000,13.642
1,-38.8776,178.4948,4236.09766,-8219.21387,36221.8281,0.06,60,45,119.808,2000,2000,13.209
1,-38.8776,178.4948,5236.09766,-6487.16309,36221.8281,0.04,60,45,119.808,2000,2000,12.847
1,-38.8776,178.4948,6236.09668,-4755.1123,36221.8281,0.02,60,45,119.808,2000,2000,12.578
1,-38.8776,178.4948,7236.09668,-3023.06152,36221.8281,0.01,60,45,119.808,2000,2000,12.428
1,-38.8776,178.4948,8236.09668,-1291.01074,36221.8281,0.01,60,45,119.808,2000,2000,12.411
1,-38.8776,178.4948,9236.09668,441.040039,36221.8281,0,60,45,119.808,2000,2000,12.53
1,-38.8776,178.4948,10236.0967,2173.09082,36221.8281,0,60,45,119.431,2000,2000,3.576
1,-38.8776,178.4948,11236.0967,3905.14355,36221.8281,0,60,45,120.638,2000,2000,3.917
1,-38.8776,178.4948,12236.0967,5637.19434,36221.8281,0,60,45,129.392,2000,2000,4.335
1,-38.8776,178.4948,13236.0967,7369.24512,36221.8281,0,60,45,300,2000,2000,4.809
1,-38.8776,178.4948,14236.0967,9101.2959,36221.8281,0,60,45,300,2000,2000,5.324
1,-38.8776,178.4948,15236.0967,10833.3467,36221.8281,0,60,45,300,2000,2000,5.87
1,-38.8776,178.4948,16236.0967,12565.3975,36221.8281,0,60,45,300,2000,2000,6.439
1,-38.8776,178.4948,17236.0977,14297.4482,36221.8281,0,60,45,112.1,2000,2000,7.025
1,-38.8776,178.4948,18236.0977,16029.499,36221.8281,0,60,45,112.1,2000,2000,7.625
1,-38.8776,178.4948,19236.0977,17761.5508,36221.8281,0,60,45,112.1,2000,2000,8.234
1,-38.8776,178.4948,20236.0977,19493.6016,36221.8281,0,60,45,112.1,2000,2000,8.852
1,-38.8776,178.4948,21236.0977,21225.6523,36221.8281,0,60,45,300,2000,2000,9.477
1,-38.8776,178.4948,-8988.64648,-28296.7188,37636.0391,0.25,60,45,119.808,2000,2000,19.916
1,-38.8776,178.4948,-7988.64648,-26564.668,37636.0391,0.29,60,45,119.808,2000,2000,19.269
1,-38.8776,178.4948,-6988.64648,-24832.6172,37636.0391,0.32,60,45,119.808,2000,2000,18.625
1,-38.8776,178.4948,-5988.64648,-23100.5664,37636.0391,0.34,60,45,119.808,2000,2000,17.985
1,-38.8776,178.4948,-4988.64648,-21368.5156,37636.0391,0.34,60,45,119.808,2000,2000,17.349
1,-38.8776,178.4948,-3988.64648,-19636.4648,37636.0391,0.32,60,45,119.808,2000,2000,16.719
1,-38.8776,178.4948,-2988.64648,-17904.4141,37636.0391,0.29,60,45,119.808,2000,2000,16.095
1,-38.8776,178.4948,-1988.64648,-16172.3633,37636.0391,0.25,60,45,119.808,2000,2000,15.48
1,-38.8776,178.4948,-988.646484,-14440.3125,37636.0391,0.21,60,45,119.808,2000,2000,14.876
1,-38.8776,178.4948,11.352539,-12708.2617,37636.0391,0.16,60,45,119.808,2000,2000,14.288
1,-38.8776,178.4948,1011.35254,-10976.209,37636.0391,0.12,60,45,119.808,2000,2000,13.723
1,-38.8776,178.4948,2011.35254,-9244.1582,37636.0391,0.09,60,45,119.808,2000,2000,13.188
1,-38.8776,178.4948,3011.35254,-7512.10693,37636.0391,0.06,60,45,119.808,2000,2000,12.699
1,-38.8776,178.4948,4011.35254,-5780.05615,37636.0391,0.04,60,45,119.808,2000,2000,12.278
1,-38.8776,178.4948,5011.35156,-4048.00537,37636.0391,0.02,60,45,119.808,2000,2000,11.955
1,-38.8776,178.4948,6011.35156,-2315.95459,37636.0391,0.01,60,45,119.808,2000,2000,11.768
1,-38.8776,178.4948,7011.35156,-583.903809,37636.0391,0.01,60,45,119.808,2000,2000,11.747
1,-38.8776,178.4948,8011.35156,1148.14697,37636.0391,0,60,45,119.808,2000,2000,11.895
1,-38.8776,178.4948,9011.35156,2880.19775,37636.0391,0,60,45,119.886,2000,2000,2.993
1,-38.8776,178.4948,10011.3516,4612.25049,37636.0391,0,60,45,120.638,2000,2000,3.393
1,-38.8776,178.4948,11011.3516,6344.30127,37636.0391,0,60,45,129.392,2000,2000,3.868
1,-38.8776,178.4948,12011.3516,8076.35205,37636.0391,0,60,45,300,2000,2000,4.393
1,-38.8776,178.4948,13011.3516,9808.40234,37636.0391,0,60,45,300,2000,2000,4.952
1,-38.8776,178.4948,14011.3516,11540.4531,37636.0391,0,60,45,300,2000,2000,5.535
1,-38.8776,178.4948,15011.3516,13272.5039,37636.0391,0,60,45,300,2000,2000,6.135
1,-38.8776,178.4948,16011.3516,15004.5547,37636.0391,0,60,45,300,2000,2000,6.747
1,-38.8776,178.4948,17011.3516,16736.6055,37636.0391,0,60,45,300,2000,2000,7.369
1,-38.8776,178.4948,18011.3516,18468.6562,37636.0391,0,60,45,112.1,2000,2000,7.998
1,-38.8776,178.4948,19011.3516,20200.707,37636.0391,0,60,45,112.1,2000,2000,8.633
1,-38.8776,178.4948,20011.3516,21932.7578,37636.0391,0,60,45,300,2000,2000,9.272
1,-38.8776,178.4948,-10213.3906,-27589.6113,39050.2539,0.28,60,45,119.808,2000,2000,19.778
1,-38.8776,178.4948,-9213.39062,-25857.5605,39050.2539,0.32,60,45,119.808,2000,2000,19.122
1,-38.8776,178.4948,-8213.39062,-24125.5098,39050.2539,0.35,60,45,119.808,2000,2000,18.468
1,-38.8776,178.4948,-7213.39062,-22393.459,39050.2539,0.36,60,45,119.808,2000,2000,17.816
1,-38.8776,178.4948,-6213.39062,-20661.4082,39050.2539,0.36,60,45,119.808,2000,2000,17.167
1,-38.8776,178.4948,-5213.39062,-18929.3574,39050.2539,0.33,60,45,119.808,2000,2000,16.521
1,-38.8776,178.4948,-4213.39062,-17197.3066,39050.2539,0.3,60,45,119.808,2000,2000,15.878
1,-38.8776,178.4948,-3213.39062,-15465.2559,39050.2539,0.25,60,45,119.808,2000,2000,15.241
1,-38.8776,178.4948,-2213.39062,-13733.2051,39050.2539,0.21,60,45,119.808,2000,2000,14.611
1,-38.8776,178.4948,-1213.3916,-12001.1543,39050.2539,0.16,60,45,119.808,2000,2000,13.991
1,-38.8776,178.4948,-213.391602,-10269.1016,39050.2539,0.12,60,45,119.808,2000,2000,13.385
1,-38.8776,178.4948,786.608398,-8537.05078,39050.2539,0.08,60,45,119.808,2000,2000,12.801
1,-38.8776,178.4948,1786.6084,-6805,39050.2539,0.05,60,45,119.808,2000,2000,12.251
1,-38.8776,178.4948,2786.6084,-5072.94922,39050.2539,0.03,60,45,119.808,2000,2000,11.757
1,-38.8776,178.4948,3786.60742,-3340.89844,39050.2539,0.02,60,45,119.808,2000,2000,11.358
1,-38.8776,178.4948,4786.60742,-1608.84766,39050.2539,0.01,60,45,119.808,2000,2000,11.113
1,-38.8776,178.4948,5786.60742,123.203125,39050.2539,0.01,60,45,119.808,2000,2000,11.084
1,-38.8776,178.4948,6786.60742,1855.25391,39050.2539,0,60,45,119.18,2000,2000,2.085
1,-38.8776,178.4948,7786.60742,3587.30469,39050.2539,0,60,45,119.886,2000,2000,2.453
1,-38.8776,178.4948,8786.60742,5319.35742,39050.2539,0,60,45,120.638,2000,2000,2.928
1,-38.8776,178.4948,9786.60742,7051.4082,39050.2539,0,60,45,129.392,2000,2000,3.467
1,-38.8776,178.4948,10786.6074,8783.45898,39050.2539,0,60,45,300,2000,2000,4.044
1,-38.8776,178.4948,11786.6074,10515.5098,39050.2539,0,60,45,300,2000,2000,4.645
1,-38.8776,178.4948,12786.6074,12247.5605,39050.2539,0,60,45,300,2000,2000,5.262
1,-38.8776,178.4948,13786.6074,13979.6113,39050.2539,0,60,45,300,2000,2000,5.89
1,-38.8776,178.4948,14786.6074,15711.6621,39050.2539,0,60,45,300,2000,2000,6.526
1,-38.8776,178.4948,15786.6074,17443.7129,39050.2539,0,60,45,300,2000,2000,7.167
1,-38.8776,178.4948,16786.6074,19175.7637,39050.2539,0,60,45,112.1,2000,2000,7.812
1,-38.8776,178.4948,17786.6074,20907.8145,39050.2539,0,60,45,112.1,2000,2000,8.461
1,-38.8776,178.4948,18786.6074,22639.8652,39050.2539,0,60,45,300,2000,2000,9.112
1,-38.8776,178.4948,-11438.1357,-26882.5039,40464.4688,0.29,60,45,119.808,2000,2000,19.68
1,-38.8776,178.4948,-10438.1357,-25150.4531,40464.4688,0.33,60,45,119.808,2000,2000,19.018
1,-38.8776,178.4948,-9438.13574,-23418.4023,40464.4688,0.35,60,45,119.808,2000,2000,18.357
1,-38.8776,178.4948,-8438.13574,-21686.3516,40464.4688,0.36,60,45,119.808,2000,2000,17.697
1,-38.8776,178.4948,-7438.13574,-19954.3008,40464.4688,0.35,60,45,119.808,2000,2000,17.037
1,-38.8776,178.4948,-6438.13574,-18222.25,40464.4688,0.32,60,45,119.808,2000,2000,16.379
1,-38.8776,178.4948,-5438.13574,-16490.1992,40464.4688,0.29,60,45,119.808,2000,2000,15.723
1,-38.8776,178.4948,-4438.13574,-14758.1494,40464.4688,0.24,60,45,119.808,2000,2000,15.069
1,-38.8776,178.4948,-3438.13574,-13026.0986,40464.4688,0.19,60,45,119.808,2000,2000,14.418
1,-38.8776,178.4948,-2438.13672,-11294.0479,40464.4688,0.15,60,45,119.808,2000,2000,13.772
1,-38.8776,178.4948,-1438.13672,-9561.99512,40464.4688,0.11,60,45,119.808,2000,2000,13.133
1,-38.8776,178.4948,-438.136719,-7829.94434,40464.4688,0.07,60,45,119.808,2000,2000,12.505
1,-38.8776,178.4948,561.863281,-6097.89355,40464.4688,0.05,60,45,119.808,2000,2000,11.895
1,-38.8776,178.4948,1561.86328,-4365.84277,40464.4688,0.03,60,45,119.808,2000,2000,11.319
1,-38.8776,178.4948,2561.8623,-2633.79199,40464.4688,0.02,60,45,119.808,2000,2000,10.815
1,-38.8776,178.4948,3561.8623,-901.741211,40464.4688,0.01,60,45,119.808,2000,2000,10.47
1,-38.8776,178.4948,4561.8623,830.30957,40464.4688,0.01,60,45,119.808,2000,2000,10.427
1,-38.8776,178.4948,5561.8623,2562.36035,40464.4688,0,60,45,119.18,2000,2000,1.515
1,-38.8776,178.4948,6561.8623,4294.41113,40464.4688,0,60,45,120.642,2000,2000,1.991
1,-38.8776,178.4948,7561.8623,6026.46387,40464.4688,0,60,45,300,2000,2000,2.554
1,-38.8776,178.4948,8561.8623,7758.51465,40464.4688,0,60,45,300,2000,2000,3.157
1,-38.8776,178.4948,9561.8623,9490.56543,40464.4688,0,60,45,300,2000,2000,3.782
1,-38.8776,178.4948,10561.8623,11222.6162,40464.4688,0,60,45,300,2000,2000,4.419
1,-38.8776,178.4948,11561.8623,12954.667,40464.4688,0,60,45,300,2000,2000,5.064
1,-38.8776,178.4948,12561.8623,14686.7178,40464.4688,0,60,45,300,2000,2000,5.713
1,-38.8776,178.4948,13561.8623,16418.7695,40464.4688,0,60,45,300,2000,2000,6.367
1,-38.8776,178.4948,14561.8623,18150.8203,40464.4688,0,60,45,300,2000,2000,7.022
1,-38.8776,178.4948,15561.8623,19882.8711,40464.4688,0,60,45,300,2000,2000,7.68
1,-38.8776,178.4948,16561.8633,21614.9219,40464.4688,0,60,45,112.1,2000,2000,8.339
1,-38.8776,178.4948,17561.8633,23346.9727,40464.4688,0,60,45,300,2000,2000,8.999
1,-38.8776,178.4948,-12662.8809,-26175.3984,41878.6797,0.29,60,45,119.808,2000,2000,19.625
1,-38.8776,178.4948,-11662.8809,-24443.3477,41878.6797,0.32,60,45,119.808,2000,2000,18.959
1,-38.8776,178.4948,-10662.8809,-22711.2969,41878.6797,0.34,60,45,119.808,2000,2000,18.293
1,-38.8776,178.4948,-9662.88086,-20979.2461,41878.6797,0.34,60,45,119.808,2000,2000,17.628
1,-38.8776,178.4948,-8662.88086,-19247.1953,41878.6797,0.33,60,45,119.808,2000,2000,16.963
1,-38.8776,178.4948,-7662.88086,-17515.1445,41878.6797,0.3,60,45,119.808,2000,2000,16.298
1,-38.8776,178.4948,-6662.88086,-15783.0938,41878.6797,0.26,60,45,119.808,2000,2000,15.633
1,-38.8776,178.4948,-5662.88086,-14051.043,41878.6797,0.21,60,45,119.808,2000,2000,14.969
1,-38.8776,178.4948,-4662.88086,-12318.9922,41878.6797,0.17,60,45,119.808,2000,2000,14.306
1,-38.8776,178.4948,-3662.88184,-10586.9414,41878.6797,0.13,60,45,119.808,2000,2000,13.643
1,-38.8776,178.4948,-2662.88184,-8854.88867,41878.6797,0.09,60,45,119.808,2000,2000,12.982
1,-38.8776,178.4948,-1662.88184,-7122.83789,41878.6797,0.06,60,45,119.808,2000,2000,12.324
1,-38.8776,178.4948,-662.881836,-5390.78711,41878.6797,0.04,60,45,119.808,2000,2000,11.67
1,-38.8776,178.4948,337.118164,-3658.73633,41878.6797,0.02,60,45,119.808,2000,2000,11.025
1,-38.8776,178.4948,1337.11719,-1926.68555,41878.6797,0.13,60,45,119.808,2000,2000,10.404
1,-38.8776,178.4948,2337.11719,-194.634766,41878.6797,0.14,60,45,119.808,2000,2000,9.876
1,-38.8776,178.4948,3337.11719,1537.41602,41878.6797,0,60,45,119.808,2000,2000,9.79
1,-38.8776,178.4948,4337.11719,3269.4668,41878.6797,0,60,45,300,2000,2000,1.064
1,-38.8776,178.4948,5337.11719,5001.51758,41878.6797,0,60,45,300,2000,2000,1.674
1,-38.8776,178.4948,6337.11719,6733.57031,41878.6797,0,60,45,300,2000,2000,2.315
1,-38.8776,178.4948,7337.11719,8465.62109,41878.6797,0,60,45,300,2000,2000,2.967
1,-38.8776,178.4948,8337.11719,10197.6719,41878.6797,0,60,45,300,2000,2000,3.625
1,-38.8776,178.4948,9337.11719,11929.7227,41878.6797,0,60,45,300,2000,2000,4.285
1,-38.8776,178.4948,10337.1172,13661.7734,41878.6797,0,60,45,300,2000,2000,4.947
1,-38.8776,178.4948,11337.1172,15393.8242,41878.6797,0,60,45,300,2000,2000,5.611
1,-38.8776,178.4948,12337.1172,17125.875,41878.6797,0,60,45,300,2000,2000,6.275
1,-38.8776,178.4948,13337.1172,18857.9258,41878.6797,0,60,45,300,2000,2000,6.939
1,-38.8776,178.4948,14337.1172,20589.9766,41878.6797,0,60,45,300,2000,2000,7.604
1,-38.8776,178.4948,15337.1172,22322.0273,41878.6797,0,60,45,112.1,2000,2000,8.269
1,-38.8776,178.4948,16337.1172,24054.0781,41878.6797,0,60,45,300,2000,2000,8.934
1,-38.8776,178.4948,-13887.625,-25468.291,43292.8906,0.27,60,45,119.808,2000,2000,19.611
1,-38.8776,178.4948,-12887.625,-23736.2402,43292.8906,0.29,60,45,119.808,2000,2000,18.945
1,-38.8776,178.4948,-11887.625,-22004.1895,43292.8906,0.3,60,45,119.808,2000,2000,18.278
1,-38.8776,178.4948,-10887.625,-20272.1387,43292.8906,0.3,60,45,119.808,2000,2000,17.612
1,-38.8776,178.4948,-9887.625,-18540.0879,43292.8906,0.28,60,45,119.808,2000,2000,16.945
1,-38.8776,178.4948,-8887.625,-16808.0371,43292.8906,0.26,60,45,119.808,2000,2000,16.278
1,-38.8776,178.4948,-7887.625,-15075.9863,43292.8906,0.22,60,45,119.808,2000,2000,15.612
1,-38.8776,178.4948,-6887.625,-13343.9355,43292.8906,0.18,60,45,119.808,2000,2000,14.945
1,-38.8776,178.4948,-5887.625,-11611.8848,43292.8906,0.14,60,45,119.808,2000,2000,14.279
1,-38.8776,178.4948,-4887.62598,-9879.83398,43292.8906,0.1,60,45,119.808,2000,2000,13.612
1,-38.8776,178.4948,-3887.62598,-8147.78125,43292.8906,0.07,60,45,119.808,2000,2000,12.946
1,-38.8776,178.4948,-2887.62598,-6415.73047,43292.8906,0.05,60,45,119.808,2000,2000,12.28
1,-38.8776,178.4948,-1887.62598,-4683.67969,43292.8906,0.03,60,45,119.808,2000,2000,11.614
1,-38.8776,178.4948,-887.625977,-2951.62891,43292.8906,0.34,60,45,119.808,2000,2000,10.949
1,-38.8776,178.4948,112.373047,-1219.57812,43292.8906,0.9,60,45,119.808,2000,2000,10.285
1,-38.8776,178.4948,1112.37305,512.472656,43292.8906,0.99,60,45,119.808,2000,2000,9.63
1,-38.8776,178.4948,2112.37305,2244.52344,43292.8906,0.43,60,45,300,2000,2000,0.282
1,-38.8776,178.4948,3112.37305,3976.57422,43292.8906,0,60,45,300,2000,2000,0.927
1,-38.8776,178.4948,4112.37305,5708.625,43292.8906,0,60,45,300,2000,2000,1.59
1,-38.8776,178.4948,5112.37305,7440.67773,43292.8906,0,60,45,300,2000,2000,2.255
1,-38.8776,178.4948,6112.37305,9172.72852,43292.8906,0,60,45,300,2000,2000,2.921
1,-38.8776,178.4948,7112.37305,10904.7793,43292.8906,0,60,45,300,2000,2000,3.587
1,-38.8776,178.4948,8112.37305,12636.8301,43292.8906,0,60,45,300,2000,2000,4.253
1,-38.8776,178.4948,9112.37305,14368.8809,43292.8906,0,60,45,300,2000,2000,4.92
1,-38.8776,178.4948,10112.373,16100.9316,43292.8906,0,60,45,300,2000,2000,5.586
1,-38.8776,178.4948,11112.373,17832.9824,43292.8906,0,60,45,300,2000,2000,6.253
1,-38.8776,178.4948,12112.373,19565.0332,43292.8906,0,60,45,300,2000,2000,6.919
1,-38.8776,178.4948,13112.373,21297.084,43292.8906,0,60,45,300,2000,2000,7.586
1,-38.8776,178.4948,14112.373,23029.1348,43292.8906,0,60,45,300,2000,2000,8.252
1,-38.8776,178.4948,15112.373,24761.1855,43292.8906,0,60,45,300,2000,2000,8.919
1,-38.8776,178.4948,-15112.3711,-24761.1836,44707.1094,0.23,60,45,119.808,2000,2000,19.641
1,-38.8776,178.4948,-14112.3711,-23029.1328,44707.1094,0.25,60,45,119.808,2000,2000,18.976
1,-38.8776,178.4948,-13112.3711,-21297.082,44707.1094,0.26,60,45,119.808,2000,2000,18.312
1,-38.8776,178.4948,-12112.3711,-19565.0312,44707.1094,0.25,60,45,119.808,2000,2000,17.648
1,-38.8776,178.4948,-11112.3711,-17832.9805,44707.1094,0.24,60,45,119.808,2000,2000,16.985
1,-38.8776,178.4948,-10112.3711,-16100.9307,44707.1094,0.21,60,45,119.808,2000,2000,16.322
1,-38.8776,178.4948,-9112.37109,-14368.8799,44707.1094,0.18,60,45,119.808,2000,2000,15.66
1,-38.8776,178.4948,-8112.37109,-12636.8291,44707.1094,0.14,60,45,119.808,2000,2000,14.999
1,-38.8776,178.4948,-7112.37109,-10904.7783,44707.1094,0.11,60,45,119.808,2000,2000,14.339
1,-38.8776,178.4948,-6112.37207,-9172.72754,44707.1094,0.08,60,45,119.808,2000,2000,13.682
1,-38.8776,178.4948,-5112.37207,-7440.6748,44707.1094,0.05,60,45,119.808,2000,2000,13.027
1,-38.8776,178.4948,-4112.37207,-5708.62402,44707.1094,0.04,60,45,119.808,2000,2000,12.378
1,-38.8776,178.4948,-3112.37207,-3976.57324,44707.1094,0.22,60,45,119.808,2000,2000,11.738
1,-38.8776,178.4948,-2112.37207,-2244.52246,44707.1094,1.31,60,45,119.808,2000,2000,11.116
1,-38.8776,178.4948,-1112.37305,-512.47168,44707.1094,3.44,60,45,119.808,2000,2000,10.538
1,-38.8776,178.4948,-112.373047,1219.5791,44707.1094,3.64,60,45,119.808,2000,2000,10.092
1,-38.8776,178.4948,887.626953,2951.62988,44707.1094,1.55,60,45,300,2000,2000,0.833
1,-38.8776,178.4948,1887.62695,4683.68066,44707.1094,0.27,60,45,300,2000,2000,1.214
1,-38.8776,178.4948,2887.62695,6415.73145,44707.1094,0,60,45,300,2000,2000,1.773
1,-38.8776,178.4948,3887.62695,8147.78418,44707.1094,0,60,45,300,2000,2000,2.387
1,-38.8776,178.4948,4887.62695,9879.83496,44707.1094,0,60,45,300,2000,2000,3.024
1,-38.8776,178.4948,5887.62695,11611.8857,44707.1094,0,60,45,300,2000,2000,3.672
1,-38.8776,178.4948,6887.62695,13343.9365,44707.1094,0,60,45,300,2000,2000,4.325
1,-38.8776,178.4948,7887.62695,15075.9873,44707.1094,0,60,45,300,2000,2000,4.982
1,-38.8776,178.4948,8887.62695,16808.0391,44707.1094,0,60,45,300,2000,2000,5.641
1,-38.8776,178.4948,9887.62695,18540.0898,44707.1094,0,60,45,300,2000,2000,6.302
1,-38.8776,178.4948,10887.627,20272.1406,44707.1094,0,60,45,300,2000,2000,6.963
1,-38.8776,178.4948,11887.627,22004.1914,44707.1094,0,60,45,300,2000,2000,7.626
1,-38.8776,178.4948,12887.627,23736.2422,44707.1094,0,60,45,300,2000,2000,8.29
1,-38.8776,178.4948,13887.627,25468.293,44707.1094,0,60,45,300,2000,2000,8.953
1,-38.8776,178.4948,-16337.1152,-24054.0781,46121.3203,0.19,60,45,119.808,2000,2000,19.713
1,-38.8776,178.4948,-15337.1152,-22322.0273,46121.3203,0.21,60,45,119.808,2000,2000,19.053
1,-38.8776,178.4948,-14337.1152,-20589.9766,46121.3203,0.21,60,45,119.808,2000,2000,18.394
1,-38.8776,178.4948,-13337.1152,-18857.9258,46121.3203,0.2,60,45,119.808,2000,2000,17.737
1,-38.8776,178.4948,-12337.1152,-17125.875,46121.3203,0.18,60,45,119.808,2000,2000,17.081
1,-38.8776,178.4948,-11337.1152,-15393.8242,46121.3203,0.16,60,45,119.808,2000,2000,16.426
1,-38.8776,178.4948,-10337.1152,-13661.7734,46121.3203,0.13,60,45,119.808,2000,2000,15.775
1,-38.8776,178.4948,-9337.11523,-11929.7227,46121.3203,0.11,60,45,119.808,2000,2000,15.127
1,-38.8776,178.4948,-8337.11523,-10197.6719,46121.3203,0.08,60,45,119.808,2000,2000,14.483
1,-38.8776,178.4948,-7337.11621,-8465.62109,46121.3203,0.06,60,45,119.808,2000,2000,13.846
1,-38.8776,178.4948,-6337.11621,-6733.56836,46121.3203,0.04,60,45,119.808,2000,2000,13.219
1,-38.8776,178.4948,-5337.11621,-5001.51758,46121.3203,0.03,60,45,119.808,2000,2000,12.606
1,-38.8776,178.4948,-4337.11621,-3269.4668,46121.3203,0.43,60,45,119.808,2000,2000,12.018
1,-38.8776,178.4948,-3337.11621,-1537.41602,46121.3203,2.6,60,45,119.808,2000,2000,11.474
1,-38.8776,178.4948,-2337.11719,194.634766,46121.3203,6.6,60,45,119.808,2000,2000,11.013
1,-38.8776,178.4948,-1337.11719,1926.68555,46121.3203,6.73,60,45,300,2000,2000,1.519
1,-38.8776,178.4948,-337.117188,3658.73633,46121.3203,2.76,60,45,300,2000,2000,1.483
1,-38.8776,178.4948,662.882812,5390.78711,46121.3203,0.46,60,45,300,2000,2000,1.726
1,-38.8776,178.4948,1662.88281,7122.83789,46121.3203,0,60,45,300,2000,2000,2.156
1,-38.8776,178.4948,2662.88281,8854.89062,46121.3203,0,60,45,300,2000,2000,2.684
1,-38.8776,178.4948,3662.88281,10586.9414,46121.3203,0,60,45,300,2000,2000,3.263
1,-38.8776,178.4948,4662.88281,12318.9922,46121.3203,0,60,45,300,2000,2000,3.871
1,-38.8776,178.4948,5662.88281,14051.043,46121.3203,0,60,45,300,2000,2000,4.495
1,-38.8776,178.4948,6662.88281,15783.0938,46121.3203,0,60,45,300,2000,2000,5.131
1,-38.8776,178.4948,7662.88281,17515.1445,46121.3203,0,60,45,300,2000,2000,5.773
1,-38.8776,178.4948,8662.88281,19247.1953,46121.3203,0,60,45,300,2000,2000,6.42
1,-38.8776,178.4948,9662.88281,20979.2461,46121.3203,0,60,45,300,2000,2000,7.071
1,-38.8776,178.4948,10662.8828,22711.2969,46121.3203,0,60,45,300,2000,2000,7.724
1,-38.8776,178.4948,11662.8828,24443.3477,46121.3203,0,60,45,300,2000,2000,8.38
1,-38.8776,178.4948,12662.8828,26175.3984,46121.3203,0,60,45,300,2000,2000,9.037
1,-38.8776,178.4948,-17561.8594,-23346.9727,47535.5312,0.15,60,45,119.808,2000,2000,19.826
1,-38.8776,178.4948,-16561.8594,-21614.9219,47535.5312,0.16,60,45,119.808,2000,2000,19.173
1,-38.8776,178.4948,-15561.8594,-19882.8711,47535.5312,0.16,60,45,119.808,2000,2000,18.523
1,-38.8776,178.4948,-14561.8594,-18150.8203,47535.5312,0.15,60,45,119.808,2000,2000,17.875
1,-38.8776,178.4948,-13561.8594,-16418.7695,47535.5312,0.13,60,45,119.808,2000,2000,17.231
1,-38.8776,178.4948,-12561.8594,-14686.7178,47535.5312,0.12,60,45,119.808,2000,2000,16.59
1,-38.8776,178.4948,-11561.8594,-12954.667,47535.5312,0.09,60,45,119.808,2000,2000,15.954
1,-38.8776,178.4948,-10561.8594,-11222.6162,47535.5312,0.07,60,45,119.808,2000,2000,15.325
1,-38.8776,178.4948,-9561.85938,-9490.56543,47535.5312,0.05,60,45,119.808,2000,2000,14.705
1,-38.8776,178.4948,-8561.86035,-7758.51465,47535.5312,0.04,60,45,119.808,2000,2000,14.097
1,-38.8776,178.4948,-7561.86035,-6026.46191,47535.5312,0.03,60,45,119.808,2000,2000,13.506
1,-38.8776,178.4948,-6561.86035,-4294.41113,47535.5312,0.02,60,45,119.808,2000,2000,12.941
1,-38.8776,178.4948,-5561.86035,-2562.36035,47535.5312,0.43,60,45,119.808,2000,2000,12.414
1,-38.8776,178.4948,-4561.86035,-830.30957,47535.5312,2.59,60,45,119.808,2000,2000,11.95
1,-38.8776,178.4948,-3561.86133,901.741211,47535.5312,6.3,60,45,300,2000,2000,2.387
1,-38.8776,178.4948,-2561.86133,2633.79199,47535.5312,6.2,60,45,300,2000,2000,2.168
1,-38.8776,178.4948,-1561.86133,4365.84277,47535.5312,2.45,60,45,300,2000,2000,2.143
1,-38.8776,178.4948,-561.861328,6097.89355,47535.5312,0.39,60,45,300,2000,2000,2.317
1,-38.8776,178.4948,438.138672,7829.94434,47535.5312,0,60,45,300,2000,2000,2.653
1,-38.8776,178.4948,1438.13867,9561.99707,47535.5312,0,60,45,300,2000,2000,3.098
1,-38.8776,178.4948,2438.13867,11294.0479,47535.5312,0,60,45,300,2000,2000,3.611
1,-38.8776,178.4948,3438.13867,13026.0986,47535.5312,0,60,45,300,2000,2000,4.169
1,-38.8776,178.4948,4438.13867,14758.1494,47535.5312,0,60,45,300,2000,2000,4.754
1,-38.8776,178.4948,5438.13867,16490.1992,47535.5312,0,60,45,300,2000,2000,5.359
1,-38.8776,178.4948,6438.13867,18222.25,47535.5312,0,60,45,300,2000,2000,5.976
1,-38.8776,178.4948,7438.13867,19954.3008,47535.5312,0,60,45,300,2000,2000,6.604
1,-38.8776,178.4948,8438.13867,21686.3516,47535.5312,0,60,45,300,2000,2000,7.238
1,-38.8776,178.4948,9438.13867,23418.4023,47535.5312,0,60,45,300,2000,2000,7.878
1,-38.8776,178.4948,10438.1387,25150.4531,47535.5312,0,60,45,300,2000,2000,8.521
1,-38.8776,178.4948,11438.1387,26882.5039,47535.5312,0,60,45,300,2000,2000,9.168
1,-38.8776,178.4948,-18786.6055,-22639.8652,48949.75,0.11,60,45,119.808,2000,2000,19.979
1,-38.8776,178.4948,-17786.6055,-20907.8145,48949.75,0.11,60,45,119.808,2000,2000,19.337
1,-38.8776,178.4948,-16786.6055,-19175.7637,48949.75,0.11,60,45,119.808,2000,2000,18.698
1,-38.8776,178.4948,-15786.6055,-17443.7129,48949.75,0.11,60,45,119.808,2000,2000,18.062
1,-38.8776,178.4948,-14786.6055,-15711.6621,48949.75,0.09,60,45,119.808,2000,2000,17.432
1,-38.8776,178.4948,-13786.6055,-13979.6113,48949.75,0.08,60,45,119.808,2000,2000,16.809
1,-38.8776,178.4948,-12786.6055,-12247.5605,48949.75,0.06,60,45,119.808,2000,2000,16.193
1,-38.8776,178.4948,-11786.6055,-10515.5098,48949.75,0.05,60,45,119.808,2000,2000,15.587
1,-38.8776,178.4948,-10786.6055,-8783.45898,48949.75,0.04,60,45,119.808,2000,2000,14.995
1,-38.8776,178.4948,-9786.60645,-7051.4082,48949.75,0.02,60,45,119.808,2000,2000,14.421
1,-38.8776,178.4948,-8786.60645,-5319.35547,48949.75,0.02,60,45,119.808,2000,2000,13.871
1,-38.8776,178.4948,-7786.60645,-3587.30469,48949.75,0.01,60,45,119.808,2000,2000,13.356
1,-38.8776,178.4948,-6786.60645,-1855.25391,48949.75,0.23,60,45,119.808,2000,2000,12.889
1,-38.8776,178.4948,-5786.60645,-123.203125,48949.75,1.27,60,45,300,2000,2000,3.297
1,-38.8776,178.4948,-4786.60742,1608.84766,48949.75,3,60,45,300,2000,2000,2.997
1,-38.8776,178.4948,-3786.60742,3340.89844,48949.75,2.84,60,45,300,2000,2000,2.825
1,-38.8776,178.4948,-2786.60742,5072.94922,48949.75,1.08,60,45,300,2000,2000,2.806
1,-38.8776,178.4948,-1786.60742,6805,48949.75,0.17,60,45,300,2000,2000,2.941
1,-38.8776,178.4948,-786.607422,8537.05078,48949.75,0,60,45,300,2000,2000,3.213
1,-38.8776,178.4948,213.392578,10269.1035,48949.75,0,60,45,300,2000,2000,3.589
1,-38.8776,178.4948,1213.39258,12001.1543,48949.75,0,60,45,300,2000,2000,4.04
1,-38.8776,178.4948,2213.39258,13733.2051,48949.75,0,60,45,300,2000,2000,4.545
1,-38.8776,178.4948,3213.39258,15465.2559,48949.75,0,60,45,300,2000,2000,5.088
1,-38.8776,178.4948,4213.39258,17197.3066,48949.75,0,60,45,300,2000,2000,5.657
1,-38.8776,178.4948,5213.39258,18929.3574,48949.75,0,60,45,300,2000,2000,6.245
1,-38.8776,178.4948,6213.39258,20661.4082,48949.75,0,60,45,300,2000,2000,6.848
1,-38.8776,178.4948,7213.39258,22393.459,48949.75,0,60,45,300,2000,2000,7.461
1,-38.8776,178.4948,8213.39258,24125.5098,48949.75,0,60,45,300,2000,2000,8.083
1,-38.8776,178.4948,9213.39258,25857.5605,48949.75,0,60,45,300,2000,2000,8.712
1,-38.8776,178.4948,10213.3926,27589.6113,48949.75,0,60,45,300,2000,2000,9.346
1,-38.8776,178.4948,-20011.3496,-21932.7578,50363.9609,0.08,60,45,119.808,2000,2000,20.171
1,-38.8776,178.4948,-19011.3496,-20200.707,50363.9609,0.08,60,45,119.808,2000,2000,19.54
1,-38.8776,178.4948,-18011.3496,-18468.6562,50363.9609,0.08,60,45,119.808,2000,2000,18.914
1,-38.8776,178.4948,-17011.3496,-16736.6055,50363.9609,0.07,60,45,119.808,2000,2000,18.295
1,-38.8776,178.4948,-16011.3496,-15004.5547,50363.9609,0.06,60,45,119.808,2000,2000,17.682
1,-38.8776,178.4948,-15011.3496,-13272.5039,50363.9609,0.05,60,45,119.808,2000,2000,17.078
1,-38.8776,178.4948,-14011.3496,-11540.4531,50363.9609,0.04,60,45,119.808,2000,2000,16.485
1,-38.8776,178.4948,-13011.3496,-9808.40234,50363.9609,0.03,60,45,119.808,2000,2000,15.906
1,-38.8776,178.4948,-12011.3496,-8076.35156,50363.9609,0.02,60,45,119.808,2000,2000,15.344
1,-38.8776,178.4948,-11011.3506,-6344.30078,50363.9609,0.02,60,45,119.808,2000,2000,14.806
1,-38.8776,178.4948,-10011.3506,-4612.24805,50363.9609,0.01,60,45,119.808,2000,2000,14.297
1,-38.8776,178.4948,-9011.35059,-2880.19727,50363.9609,0.01,60,45,119.808,2000,2000,13.83
1,-38.8776,178.4948,-8011.35059,-1148.14648,50363.9609,0,60,45,119.808,2000,2000,13.416
1,-38.8776,178.4948,-7011.35059,583.904297,50363.9609,0.31,60,45,300,2000,2000,3.878
1,-38.8776,178.4948,-6011.35156,2315.95508,50363.9609,0.71,60,45,300,2000,2000,3.626
1,-38.8776,178.4948,-5011.35156,4048.00586,50363.9609,0.65,60,45,300,2000,2000,3.486
1,-38.8776,178.4948,-4011.35156,5780.05664,50363.9609,0.24,60,45,300,2000,2000,3.47
1,-38.8776,178.4948,-3011.35156,7512.10742,50363.9609,0,60,45,300,2000,2000,3.581
1,-38.8776,178.4948,-2011.35156,9244.1582,50363.9609,0,60,45,300,2000,2000,3.807
1,-38.8776,178.4948,-1011.35156,10976.2109,50363.9609,0,60,45,300,2000,2000,4.129
1,-38.8776,178.4948,-11.351563,12708.2617,50363.9609,0,60,45,300,2000,2000,4.527
1,-38.8776,178.4948,988.648438,14440.3125,50363.9609,0,60,45,300,2000,2000,4.983
1,-38.8776,178.4948,1988.64844,16172.3633,50363.9609,0,60,45,300,2000,2000,5.482
1,-38.8776,178.4948,2988.64844,17904.4141,50363.9609,0,60,45,300,2000,2000,6.014
1,-38.8776,178.4948,3988.64844,19636.4648,50363.9609,0,60,45,300,2000,2000,6.57
1,-38.8776,178.4948,4988.64844,21368.5156,50363.9609,0,60,45,300,2000,2000,7.146
1,-38.8776,178.4948,5988.64844,23100.5664,50363.9609,0,60,45,300,2000,2000,7.736
1,-38.8776,178.4948,6988.64844,24832.6172,50363.9609,0,60,45,300,2000,2000,8.337
1,-38.8776,178.4948,7988.64844,26564.668,50363.9609,0,60,45,300,2000,2000,8.948
1,-38.8776,178.4948,8988.64844,28296.7188,50363.9609,0,60,45,300,2000,2000,9.566
