segment,lon,lat,depth,slip,strike,dip,rake,rupturetime,length,width
1,174.323,-41.6509,0.0,0.04428,234.0,74.9,90.0, ,1000.0,1035.762
1,174.3212,-41.6489,1000000.0,0.04593,234.0,74.9,110.92, ,1000.0,1035.762
1,174.3194,-41.6468,2000000.0,0.05468,234.0,74.9,126.6, ,1000.0,1035.762
1,174.3176,-41.6448,3000000.0,0.06641,234.0,74.9,136.24, ,1000.0,1035.762
1,174.3157,-41.6428,4000000.0,0.07829,234.0,74.9,142.11, ,1000.0,1035.762
1,174.3139,-41.6408,5000000.0,0.08869,234.0,74.9,145.94, ,1000.0,1035.762
1,174.3121,-41.6388,6000000.0,0.09669,234.0,74.9,148.69, ,1000.0,1035.762
1,174.3103,-41.6368,7000000.0,0.10174,234.0,74.9,150.87, ,1000.0,1035.762
1,174.3085,-41.6348,8000000.0,0.10364,234.0,74.9,152.75, ,1000.0,1035.762
1,174.3067,-41.6328,9000000.0,0.10244,234.0,74.9,154.48, ,1000.0,1035.762
1,174.3049,-41.6308,10000000.0,0.09837,234.0,74.9,156.14, ,1000.0,1035.762
1,174.303,-41.6287,11000000.0,0.09183,234.0,74.9,157.78, ,1000.0,1035.762
1,174.3012,-41.6267,12000000.0,0.08334,234.0,74.9,159.41, ,1000.0,1035.762
1,174.2994,-41.6247,13000000.0,0.07345,234.0,74.9,161.04, ,1000.0,1035.762
1,174.2976,-41.6227,14000000.0,0.06273,234.0,74.9,162.67, ,1000.0,1035.762
1,174.2958,-41.6207,15000000.0,0.05175,234.0,74.9,164.3, ,1000.0,1035.762
1,174.294,-41.6187,16000000.0,0.04102,234.0,74.9,165.91, ,1000.0,1035.762
1,174.2922,-41.6167,17000000.0,0.03097,234.0,74.9,167.51, ,1000.0,1035.762
1,174.2903,-41.6147,18000000.0,0.02199,234.0,74.9,169.11, ,1000.0,1035.762
1,174.2885,-41.6127,19000000.0,0.01436,234.0,74.9,170.71, ,1000.0,1035.762
1,174.2867,-41.6106,20000000.0,0.0083,234.0,74.9,172.35, ,1000.0,1035.762
1,174.2849,-41.6086,21000000.0,0.0039,234.0,74.9,174.09, ,1000.0,1035.762
1,174.2831,-41.6066,22000000.0,0.00117,234.0,74.9,176.09, ,1000.0,1035.762
1,174.2813,-41.6046,23000000.0,0.0,234.0,74.9,180.0, ,1000.0,1035.762
1,174.2795,-41.6026,24000000.0,0.0,234.0,74.9,180.0, ,1000.0,1035.762
1,174.3131,-41.6559,0.0,0.08446,234.0,74.9,90.0, ,1000.0,1035.762
1,174.3113,-41.6539,1000000.0,0.09119,234.0,74.9,114.3, ,1000.0,1035.762
1,174.3094,-41.6519,2000000.0,0.11359,234.0,74.9,130.77, ,1000.0,1035.762
1,174.3076,-41.6499,3000000.0,0.14151,234.0,74.9,140.1, ,1000.0,1035.762
1,174.3058,-41.6479,4000000.0,0.16894,234.0,74.9,145.55, ,1000.0,1035.762
1,174.304,-41.6459,5000000.0,0.19266,234.0,74.9,149.05, ,1000.0,1035.762
1,174.3022,-41.6438,6000000.0,0.21085,234.0,74.9,151.54, ,1000.0,1035.762
1,174.3004,-41.6418,7000000.0,0.22246,234.0,74.9,153.52, ,1000.0,1035.762
1,174.2986,-41.6398,8000000.0,0.22711,234.0,74.9,155.24, ,1000.0,1035.762
1,174.2967,-41.6378,9000000.0,0.22492,234.0,74.9,156.84, ,1000.0,1035.762
1,174.2949,-41.6358,10000000.0,0.21643,234.0,74.9,158.38, ,1000.0,1035.762
1,174.2931,-41.6338,11000000.0,0.20251,234.0,74.9,159.9, ,1000.0,1035.762
1,174.2913,-41.6318,12000000.0,0.18426,234.0,74.9,161.43, ,1000.0,1035.762
1,174.2895,-41.6298,13000000.0,0.1629,234.0,74.9,162.95, ,1000.0,1035.762
1,174.2877,-41.6278,14000000.0,0.13966,234.0,74.9,164.47, ,1000.0,1035.762
1,174.2858,-41.6257,15000000.0,0.11578,234.0,74.9,165.98, ,1000.0,1035.762
1,174.284,-41.6237,16000000.0,0.09235,234.0,74.9,167.49, ,1000.0,1035.762
1,174.2822,-41.6217,17000000.0,0.07037,234.0,74.9,169.0, ,1000.0,1035.762
1,174.2804,-41.6197,18000000.0,0.05065,234.0,74.9,170.5, ,1000.0,1035.762
1,174.2786,-41.6177,19000000.0,0.03383,234.0,74.9,172.02, ,1000.0,1035.762
1,174.2768,-41.6157,20000000.0,0.02034,234.0,74.9,173.61, ,1000.0,1035.762
1,174.275,-41.6137,21000000.0,0.0104,234.0,74.9,175.32, ,1000.0,1035.762
1,174.2731,-41.6117,22000000.0,0.004,234.0,74.9,177.36, ,1000.0,1035.762
1,174.2713,-41.6097,23000000.0,0.00079,234.0,74.9,180.0, ,1000.0,1035.762
1,174.2695,-41.6076,24000000.0,0.0,234.0,74.9,180.0, ,1000.0,1035.762
1,174.3031,-41.661,0.0,0.11731,234.0,74.9,90.0, ,1000.0,1035.762
1,174.3013,-41.659,1000000.0,0.13326,234.0,74.9,117.25, ,1000.0,1035.762
1,174.2995,-41.6569,2000000.0,0.17315,234.0,74.9,133.79, ,1000.0,1035.762
1,174.2977,-41.6549,3000000.0,0.21966,234.0,74.9,142.52, ,1000.0,1035.762
1,174.2959,-41.6529,4000000.0,0.26407,234.0,74.9,147.48, ,1000.0,1035.762
1,174.2941,-41.6509,5000000.0,0.30195,234.0,74.9,150.63, ,1000.0,1035.762
1,174.2922,-41.6489,6000000.0,0.33075,234.0,74.9,152.89, ,1000.0,1035.762
1,174.2904,-41.6469,7000000.0,0.34907,234.0,74.9,154.72, ,1000.0,1035.762
1,174.2886,-41.6449,8000000.0,0.35641,234.0,74.9,156.33, ,1000.0,1035.762
1,174.2868,-41.6429,9000000.0,0.35304,234.0,74.9,157.86, ,1000.0,1035.762
1,174.285,-41.6408,10000000.0,0.33985,234.0,74.9,159.35, ,1000.0,1035.762
1,174.2832,-41.6388,11000000.0,0.31823,234.0,74.9,160.84, ,1000.0,1035.762
1,174.2814,-41.6368,12000000.0,0.28991,234.0,74.9,162.33, ,1000.0,1035.762
1,174.2795,-41.6348,13000000.0,0.25677,234.0,74.9,163.82, ,1000.0,1035.762
1,174.2777,-41.6328,14000000.0,0.22075,234.0,74.9,165.31, ,1000.0,1035.762
1,174.2759,-41.6308,15000000.0,0.18372,234.0,74.9,166.81, ,1000.0,1035.762
1,174.2741,-41.6288,16000000.0,0.1474,234.0,74.9,168.3, ,1000.0,1035.762
1,174.2723,-41.6268,17000000.0,0.11329,234.0,74.9,169.78, ,1000.0,1035.762
1,174.2705,-41.6248,18000000.0,0.08263,234.0,74.9,171.27, ,1000.0,1035.762
1,174.2687,-41.6227,19000000.0,0.05637,234.0,74.9,172.78, ,1000.0,1035.762
1,174.2668,-41.6207,20000000.0,0.03515,234.0,74.9,174.35, ,1000.0,1035.762
1,174.265,-41.6187,21000000.0,0.01928,234.0,74.9,176.04, ,1000.0,1035.762
1,174.2632,-41.6167,22000000.0,0.00866,234.0,74.9,177.93, ,1000.0,1035.762
1,174.2614,-41.6147,23000000.0,0.00275,234.0,74.9,180.0, ,1000.0,1035.762
1,174.2596,-41.6127,24000000.0,0.00044,234.0,74.9,180.0, ,1000.0,1035.762
1,174.2932,-41.666,0.0,0.14082,234.0,74.9,90.0, ,1000.0,1035.762
1,174.2914,-41.664,1000000.0,0.17204,234.0,74.9,120.87, ,1000.0,1035.762
1,174.2896,-41.662,2000000.0,0.23444,234.0,74.9,136.97, ,1000.0,1035.762
1,174.2878,-41.66,3000000.0,0.30246,234.0,74.9,144.85, ,1000.0,1035.762
1,174.2859,-41.658,4000000.0,0.36554,234.0,74.9,149.21, ,1000.0,1035.762
1,174.2841,-41.656,5000000.0,0.41853,234.0,74.9,151.98, ,1000.0,1035.762
1,174.2823,-41.6539,6000000.0,0.45843,234.0,74.9,154.0, ,1000.0,1035.762
1,174.2805,-41.6519,7000000.0,0.48358,234.0,74.9,155.68, ,1000.0,1035.762
1,174.2787,-41.6499,8000000.0,0.49345,234.0,74.9,157.2, ,1000.0,1035.762
1,174.2769,-41.6479,9000000.0,0.48854,234.0,74.9,158.66, ,1000.0,1035.762
1,174.275,-41.6459,10000000.0,0.47019,234.0,74.9,160.12, ,1000.0,1035.762
1,174.2732,-41.6439,11000000.0,0.44038,234.0,74.9,161.59, ,1000.0,1035.762
1,174.2714,-41.6419,12000000.0,0.40149,234.0,74.9,163.07, ,1000.0,1035.762
1,174.2696,-41.6399,13000000.0,0.35613,234.0,74.9,164.55, ,1000.0,1035.762
1,174.2678,-41.6378,14000000.0,0.30695,234.0,74.9,166.04, ,1000.0,1035.762
1,174.266,-41.6358,15000000.0,0.25645,234.0,74.9,167.53, ,1000.0,1035.762
1,174.2642,-41.6338,16000000.0,0.20694,234.0,74.9,169.02, ,1000.0,1035.762
1,174.2623,-41.6318,17000000.0,0.16043,234.0,74.9,170.5, ,1000.0,1035.762
1,174.2605,-41.6298,18000000.0,0.11855,234.0,74.9,171.99, ,1000.0,1035.762
1,174.2587,-41.6278,19000000.0,0.08256,234.0,74.9,173.49, ,1000.0,1035.762
1,174.2569,-41.6258,20000000.0,0.05325,234.0,74.9,175.04, ,1000.0,1035.762
1,174.2551,-41.6238,21000000.0,0.03098,234.0,74.9,176.65, ,1000.0,1035.762
1,174.2533,-41.6218,22000000.0,0.01558,234.0,74.9,178.34, ,1000.0,1035.762
1,174.2515,-41.6197,23000000.0,0.00631,234.0,74.9,179.9, ,1000.0,1035.762
1,174.2496,-41.6177,24000000.0,0.0018,234.0,74.9,180.0, ,1000.0,1035.762
1,174.2833,-41.6711,0.0,0.15451,234.0,74.9,91.16, ,1000.0,1035.762
1,174.2814,-41.669,1000000.0,0.20947,234.0,74.9,125.56, ,1000.0,1035.762
1,174.2796,-41.667,2000000.0,0.29954,234.0,74.9,140.43, ,1000.0,1035.762
1,174.2778,-41.665,3000000.0,0.39173,234.0,74.9,147.22, ,1000.0,1035.762
1,174.276,-41.663,4000000.0,0.47503,234.0,74.9,150.91, ,1000.0,1035.762
1,174.2742,-41.661,5000000.0,0.54402,234.0,74.9,153.27, ,1000.0,1035.762
1,174.2724,-41.659,6000000.0,0.59537,234.0,74.9,155.05, ,1000.0,1035.762
1,174.2706,-41.657,7000000.0,0.62728,234.0,74.9,156.57, ,1000.0,1035.762
1,174.2687,-41.655,8000000.0,0.63932,234.0,74.9,158.01, ,1000.0,1035.762
1,174.2669,-41.653,9000000.0,0.63232,234.0,74.9,159.43, ,1000.0,1035.762
1,174.2651,-41.6509,10000000.0,0.60814,234.0,74.9,160.87, ,1000.0,1035.762
1,174.2633,-41.6489,11000000.0,0.56944,234.0,74.9,162.32, ,1000.0,1035.762
1,174.2615,-41.6469,12000000.0,0.51934,234.0,74.9,163.8, ,1000.0,1035.762
1,174.2597,-41.6449,13000000.0,0.4612,234.0,74.9,165.29, ,1000.0,1035.762
1,174.2578,-41.6429,14000000.0,0.39836,234.0,74.9,166.79, ,1000.0,1035.762
1,174.256,-41.6409,15000000.0,0.33399,234.0,74.9,168.28, ,1000.0,1035.762
1,174.2542,-41.6389,16000000.0,0.27098,234.0,74.9,169.77, ,1000.0,1035.762
1,174.2524,-41.6369,17000000.0,0.21178,234.0,74.9,171.25, ,1000.0,1035.762
1,174.2506,-41.6348,18000000.0,0.1584,234.0,74.9,172.72, ,1000.0,1035.762
1,174.2488,-41.6328,19000000.0,0.11236,234.0,74.9,174.2, ,1000.0,1035.762
1,174.247,-41.6308,20000000.0,0.0746,234.0,74.9,175.69, ,1000.0,1035.762
1,174.2452,-41.6288,21000000.0,0.04548,234.0,74.9,177.2, ,1000.0,1035.762
1,174.2433,-41.6268,22000000.0,0.02477,234.0,74.9,178.67, ,1000.0,1035.762
1,174.2415,-41.6248,23000000.0,0.01152,234.0,74.9,179.87, ,1000.0,1035.762
1,174.2397,-41.6228,24000000.0,0.00409,234.0,74.9,180.0, ,1000.0,1035.762
1,174.2733,-41.6761,0.0,0.16037,234.0,74.9,96.09, ,1000.0,1035.762
1,174.2715,-41.6741,1000000.0,0.24991,234.0,74.9,131.38, ,1000.0,1035.762
1,174.2697,-41.6721,2000000.0,0.37124,234.0,74.9,144.02, ,1000.0,1035.762
1,174.2679,-41.6701,3000000.0,0.4893,234.0,74.9,149.55, ,1000.0,1035.762
1,174.2661,-41.6681,4000000.0,0.59387,234.0,74.9,152.54, ,1000.0,1035.762
1,174.2642,-41.666,5000000.0,0.67941,234.0,74.9,154.5, ,1000.0,1035.762
1,174.2624,-41.664,6000000.0,0.74232,234.0,74.9,156.05, ,1000.0,1035.762
1,174.2606,-41.662,7000000.0,0.78069,234.0,74.9,157.45, ,1000.0,1035.762
1,174.2588,-41.66,8000000.0,0.79427,234.0,74.9,158.81, ,1000.0,1035.762
1,174.257,-41.658,9000000.0,0.78436,234.0,74.9,160.2, ,1000.0,1035.762
1,174.2552,-41.656,10000000.0,0.75346,234.0,74.9,161.63, ,1000.0,1035.762
1,174.2534,-41.654,11000000.0,0.705,234.0,74.9,163.08, ,1000.0,1035.762
1,174.2515,-41.652,12000000.0,0.64291,234.0,74.9,164.57, ,1000.0,1035.762
1,174.2497,-41.6499,13000000.0,0.57131,234.0,74.9,166.07, ,1000.0,1035.762
1,174.2479,-41.6479,14000000.0,0.49429,234.0,74.9,167.57, ,1000.0,1035.762
1,174.2461,-41.6459,15000000.0,0.41565,234.0,74.9,169.07, ,1000.0,1035.762
1,174.2443,-41.6439,16000000.0,0.33881,234.0,74.9,170.55, ,1000.0,1035.762
1,174.2425,-41.6419,17000000.0,0.26668,234.0,74.9,172.02, ,1000.0,1035.762
1,174.2407,-41.6399,18000000.0,0.20158,234.0,74.9,173.48, ,1000.0,1035.762
1,174.2388,-41.6379,19000000.0,0.14525,234.0,74.9,174.91, ,1000.0,1035.762
1,174.237,-41.6359,20000000.0,0.09873,234.0,74.9,176.33, ,1000.0,1035.762
1,174.2352,-41.6339,21000000.0,0.06241,234.0,74.9,177.71, ,1000.0,1035.762
1,174.2334,-41.6318,22000000.0,0.03593,234.0,74.9,178.97, ,1000.0,1035.762
1,174.2316,-41.6298,23000000.0,0.01816,234.0,74.9,179.89, ,1000.0,1035.762
1,174.2298,-41.6278,24000000.0,0.00714,234.0,74.9,180.0, ,1000.0,1035.762
1,174.2634,-41.6811,0.0,0.16515,234.0,74.9,106.05, ,1000.0,1035.762
1,174.2616,-41.6791,1000000.0,0.29847,234.0,74.9,137.69, ,1000.0,1035.762
1,174.2597,-41.6771,2000000.0,0.45205,234.0,74.9,147.48, ,1000.0,1035.762
1,174.2579,-41.6751,3000000.0,0.59651,234.0,74.9,151.71, ,1000.0,1035.762
1,174.2561,-41.6731,4000000.0,0.72277,234.0,74.9,154.05, ,1000.0,1035.762
1,174.2543,-41.6711,5000000.0,0.82499,234.0,74.9,155.65, ,1000.0,1035.762
1,174.2525,-41.6691,6000000.0,0.89918,234.0,74.9,157.0, ,1000.0,1035.762
1,174.2507,-41.6671,7000000.0,0.94335,234.0,74.9,158.3, ,1000.0,1035.762
1,174.2489,-41.665,8000000.0,0.95753,234.0,74.9,159.62, ,1000.0,1035.762
1,174.247,-41.663,9000000.0,0.9436,234.0,74.9,160.99, ,1000.0,1035.762
1,174.2452,-41.661,10000000.0,0.90488,234.0,74.9,162.42, ,1000.0,1035.762
1,174.2434,-41.659,11000000.0,0.84565,234.0,74.9,163.89, ,1000.0,1035.762
1,174.2416,-41.657,12000000.0,0.7707,234.0,74.9,165.39, ,1000.0,1035.762
1,174.2398,-41.655,13000000.0,0.68498,234.0,74.9,166.89, ,1000.0,1035.762
1,174.238,-41.653,14000000.0,0.59328,234.0,74.9,168.4, ,1000.0,1035.762
1,174.2362,-41.651,15000000.0,0.50003,234.0,74.9,169.9, ,1000.0,1035.762
1,174.2343,-41.649,16000000.0,0.40914,234.0,74.9,171.37, ,1000.0,1035.762
1,174.2325,-41.6469,17000000.0,0.32393,234.0,74.9,172.82, ,1000.0,1035.762
1,174.2307,-41.6449,18000000.0,0.247,234.0,74.9,174.24, ,1000.0,1035.762
1,174.2289,-41.6429,19000000.0,0.18026,234.0,74.9,175.62, ,1000.0,1035.762
1,174.2271,-41.6409,20000000.0,0.12484,234.0,74.9,176.95, ,1000.0,1035.762
1,174.2253,-41.6389,21000000.0,0.08109,234.0,74.9,178.18, ,1000.0,1035.762
1,174.2235,-41.6369,22000000.0,0.04854,234.0,74.9,179.24, ,1000.0,1035.762
1,174.2216,-41.6349,23000000.0,0.02584,234.0,74.9,179.94, ,1000.0,1035.762
1,174.2198,-41.6329,24000000.0,0.01074,234.0,74.9,180.0, ,1000.0,1035.762
1,174.2534,-41.6862,0.0,0.18067,234.0,74.9,119.78, ,1000.0,1035.762
1,174.2516,-41.6842,1000000.0,0.35897,234.0,74.9,143.5, ,1000.0,1035.762
1,174.2498,-41.6822,2000000.0,0.54331,234.0,74.9,150.51, ,1000.0,1035.762
1,174.248,-41.6802,3000000.0,0.71372,234.0,74.9,153.61, ,1000.0,1035.762
1,174.2462,-41.6781,4000000.0,0.86152,234.0,74.9,155.38, ,1000.0,1035.762
1,174.2444,-41.6761,5000000.0,0.98009,234.0,74.9,156.7, ,1000.0,1035.762
1,174.2425,-41.6741,6000000.0,1.06485,234.0,74.9,157.9, ,1000.0,1035.762
1,174.2407,-41.6721,7000000.0,1.11373,234.0,74.9,159.13, ,1000.0,1035.762
1,174.2389,-41.6701,8000000.0,1.12721,234.0,74.9,160.44, ,1000.0,1035.762
1,174.2371,-41.6681,9000000.0,1.10791,234.0,74.9,161.82, ,1000.0,1035.762
1,174.2353,-41.6661,10000000.0,1.0601,234.0,74.9,163.26, ,1000.0,1035.762
1,174.2335,-41.6641,11000000.0,0.989,234.0,74.9,164.75, ,1000.0,1035.762
1,174.2317,-41.662,12000000.0,0.90034,234.0,74.9,166.26, ,1000.0,1035.762
1,174.2298,-41.66,13000000.0,0.79988,234.0,74.9,167.78, ,1000.0,1035.762
1,174.228,-41.658,14000000.0,0.69313,234.0,74.9,169.29, ,1000.0,1035.762
1,174.2262,-41.656,15000000.0,0.58508,234.0,74.9,170.77, ,1000.0,1035.762
1,174.2244,-41.654,16000000.0,0.48011,234.0,74.9,172.23, ,1000.0,1035.762
1,174.2226,-41.652,17000000.0,0.38185,234.0,74.9,173.65, ,1000.0,1035.762
1,174.2208,-41.65,18000000.0,0.29318,234.0,74.9,175.02, ,1000.0,1035.762
1,174.219,-41.648,19000000.0,0.21611,234.0,74.9,176.32, ,1000.0,1035.762
1,174.2171,-41.6459,20000000.0,0.15182,234.0,74.9,177.54, ,1000.0,1035.762
1,174.2153,-41.6439,21000000.0,0.10062,234.0,74.9,178.62, ,1000.0,1035.762
1,174.2135,-41.6419,22000000.0,0.06189,234.0,74.9,179.49, ,1000.0,1035.762
1,174.2117,-41.6399,23000000.0,0.03409,234.0,74.9,179.98, ,1000.0,1035.762
1,174.2099,-41.6379,24000000.0,0.01466,234.0,74.9,180.0, ,1000.0,1035.762
1,174.2435,-41.6912,0.0,0.21686,234.0,74.9,132.68, ,1000.0,1035.762
1,174.2417,-41.6892,1000000.0,0.43228,234.0,74.9,148.06, ,1000.0,1035.762
1,174.2398,-41.6872,2000000.0,0.64455,234.0,74.9,152.92, ,1000.0,1035.762
1,174.238,-41.6852,3000000.0,0.83994,234.0,74.9,155.15, ,1000.0,1035.762
1,174.2362,-41.6832,4000000.0,1.00873,234.0,74.9,156.51, ,1000.0,1035.762
1,174.2344,-41.6812,5000000.0,1.14286,234.0,74.9,157.63, ,1000.0,1035.762
1,174.2326,-41.6792,6000000.0,1.23699,234.0,74.9,158.75, ,1000.0,1035.762
1,174.2308,-41.6771,7000000.0,1.28907,234.0,74.9,159.96, ,1000.0,1035.762
1,174.229,-41.6751,8000000.0,1.30019,234.0,74.9,161.28, ,1000.0,1035.762
1,174.2271,-41.6731,9000000.0,1.27395,234.0,74.9,162.68, ,1000.0,1035.762
1,174.2253,-41.6711,10000000.0,1.21568,234.0,74.9,164.16, ,1000.0,1035.762
1,174.2235,-41.6691,11000000.0,1.13167,234.0,74.9,165.67, ,1000.0,1035.762
1,174.2217,-41.6671,12000000.0,1.02858,234.0,74.9,167.19, ,1000.0,1035.762
1,174.2199,-41.6651,13000000.0,0.91298,234.0,74.9,168.72, ,1000.0,1035.762
1,174.2181,-41.6631,14000000.0,0.79103,234.0,74.9,170.22, ,1000.0,1035.762
1,174.2163,-41.661,15000000.0,0.66825,234.0,74.9,171.69, ,1000.0,1035.762
1,174.2145,-41.659,16000000.0,0.5494,234.0,74.9,173.12, ,1000.0,1035.762
1,174.2126,-41.657,17000000.0,0.43842,234.0,74.9,174.5, ,1000.0,1035.762
1,174.2108,-41.655,18000000.0,0.33833,234.0,74.9,175.8, ,1000.0,1035.762
1,174.209,-41.653,19000000.0,0.25127,234.0,74.9,177.01, ,1000.0,1035.762
1,174.2072,-41.651,20000000.0,0.17841,234.0,74.9,178.11, ,1000.0,1035.762
1,174.2054,-41.649,21000000.0,0.11997,234.0,74.9,179.03, ,1000.0,1035.762
1,174.2036,-41.647,22000000.0,0.07522,234.0,74.9,179.69, ,1000.0,1035.762
1,174.2018,-41.6449,23000000.0,0.04238,234.0,74.9,180.0, ,1000.0,1035.762
1,174.1999,-41.6429,24000000.0,0.01862,234.0,74.9,180.0, ,1000.0,1035.762
1,174.2335,-41.6963,0.0,0.27396,234.0,74.9,141.01, ,1000.0,1035.762
1,174.2317,-41.6943,1000000.0,0.51613,234.0,74.9,151.08, ,1000.0,1035.762
1,174.2299,-41.6922,2000000.0,0.75344,234.0,74.9,154.62, ,1000.0,1035.762
1,174.2281,-41.6902,3000000.0,0.97276,234.0,74.9,156.31, ,1000.0,1035.762
1,174.2263,-41.6882,4000000.0,1.16167,234.0,74.9,157.43, ,1000.0,1035.762
1,174.2245,-41.6862,5000000.0,1.31007,234.0,74.9,158.47, ,1000.0,1035.762
1,174.2226,-41.6842,6000000.0,1.41182,234.0,74.9,159.58, ,1000.0,1035.762
1,174.2208,-41.6822,7000000.0,1.46513,234.0,74.9,160.82, ,1000.0,1035.762
1,174.219,-41.6802,8000000.0,1.47198,234.0,74.9,162.17, ,1000.0,1035.762
1,174.2172,-41.6782,9000000.0,1.43715,234.0,74.9,163.62, ,1000.0,1035.762
1,174.2154,-41.6761,10000000.0,1.36715,234.0,74.9,165.12, ,1000.0,1035.762
1,174.2136,-41.6741,11000000.0,1.26937,234.0,74.9,166.65, ,1000.0,1035.762
1,174.2118,-41.6721,12000000.0,1.15141,234.0,74.9,168.19, ,1000.0,1035.762
1,174.2099,-41.6701,13000000.0,1.02058,234.0,74.9,169.72, ,1000.0,1035.762
1,174.2081,-41.6681,14000000.0,0.88364,234.0,74.9,171.21, ,1000.0,1035.762
1,174.2063,-41.6661,15000000.0,0.74655,234.0,74.9,172.65, ,1000.0,1035.762
1,174.2045,-41.6641,16000000.0,0.61439,234.0,74.9,174.04, ,1000.0,1035.762
1,174.2027,-41.6621,17000000.0,0.49132,234.0,74.9,175.35, ,1000.0,1035.762
1,174.2009,-41.66,18000000.0,0.38049,234.0,74.9,176.57, ,1000.0,1035.762
1,174.1991,-41.658,19000000.0,0.28407,234.0,74.9,177.68, ,1000.0,1035.762
1,174.1973,-41.656,20000000.0,0.20321,234.0,74.9,178.63, ,1000.0,1035.762
1,174.1954,-41.654,21000000.0,0.13805,234.0,74.9,179.38, ,1000.0,1035.762
1,174.1936,-41.652,22000000.0,0.08769,234.0,74.9,179.86, ,1000.0,1035.762
1,174.1918,-41.65,23000000.0,0.05015,234.0,74.9,180.0, ,1000.0,1035.762
1,174.19,-41.648,24000000.0,0.02234,234.0,74.9,179.99, ,1000.0,1035.762
1,174.2236,-41.7013,0.0,0.34515,234.0,74.9,144.71, ,1000.0,1035.762
1,174.2218,-41.6993,1000000.0,0.6058,234.0,74.9,152.7, ,1000.0,1035.762
1,174.2199,-41.6973,2000000.0,0.866,234.0,74.9,155.67, ,1000.0,1035.762
1,174.2181,-41.6953,3000000.0,1.10831,234.0,74.9,157.14, ,1000.0,1035.762
1,174.2163,-41.6933,4000000.0,1.31606,234.0,74.9,158.2, ,1000.0,1035.762
1,174.2145,-41.6913,5000000.0,1.47681,234.0,74.9,159.25, ,1000.0,1035.762
1,174.2127,-41.6892,6000000.0,1.58388,234.0,74.9,160.42, ,1000.0,1035.762
1,174.2109,-41.6872,7000000.0,1.6361,234.0,74.9,161.72, ,1000.0,1035.762
1,174.2091,-41.6852,8000000.0,1.63667,234.0,74.9,163.13, ,1000.0,1035.762
1,174.2073,-41.6832,9000000.0,1.5917,234.0,74.9,164.63, ,1000.0,1035.762
1,174.2054,-41.6812,10000000.0,1.50899,234.0,74.9,166.16, ,1000.0,1035.762
1,174.2036,-41.6792,11000000.0,1.39699,234.0,74.9,167.72, ,1000.0,1035.762
1,174.2018,-41.6772,12000000.0,1.26417,234.0,74.9,169.26, ,1000.0,1035.762
1,174.2,-41.6752,13000000.0,1.11852,234.0,74.9,170.78, ,1000.0,1035.762
1,174.1982,-41.6731,14000000.0,0.96727,234.0,74.9,172.24, ,1000.0,1035.762
1,174.1964,-41.6711,15000000.0,0.81675,234.0,74.9,173.65, ,1000.0,1035.762
1,174.1946,-41.6691,16000000.0,0.67228,234.0,74.9,174.97, ,1000.0,1035.762
1,174.1927,-41.6671,17000000.0,0.53815,234.0,74.9,176.21, ,1000.0,1035.762
1,174.1909,-41.6651,18000000.0,0.41761,234.0,74.9,177.33, ,1000.0,1035.762
1,174.1891,-41.6631,19000000.0,0.3128,234.0,74.9,178.31, ,1000.0,1035.762
1,174.1873,-41.6611,20000000.0,0.22484,234.0,74.9,179.11, ,1000.0,1035.762
1,174.1855,-41.659,21000000.0,0.15376,234.0,74.9,179.67, ,1000.0,1035.762
1,174.1837,-41.657,22000000.0,0.0985,234.0,74.9,179.97, ,1000.0,1035.762
1,174.1819,-41.655,23000000.0,0.05688,234.0,74.9,180.0, ,1000.0,1035.762
1,174.1801,-41.653,24000000.0,0.02556,234.0,74.9,179.94, ,1000.0,1035.762
1,174.2136,-41.7064,0.0,0.42126,234.0,74.9,145.7, ,1000.0,1035.762
1,174.2118,-41.7043,1000000.0,0.69471,234.0,74.9,153.42, ,1000.0,1035.762
1,174.21,-41.7023,2000000.0,0.97666,234.0,74.9,156.3, ,1000.0,1035.762
1,174.2082,-41.7003,3000000.0,1.24096,234.0,74.9,157.78, ,1000.0,1035.762
1,174.2064,-41.6983,4000000.0,1.46564,234.0,74.9,158.91, ,1000.0,1035.762
1,174.2046,-41.6963,5000000.0,1.63614,234.0,74.9,160.06, ,1000.0,1035.762
1,174.2027,-41.6943,6000000.0,1.74579,234.0,74.9,161.32, ,1000.0,1035.762
1,174.2009,-41.6923,7000000.0,1.79453,234.0,74.9,162.71, ,1000.0,1035.762
1,174.1991,-41.6903,8000000.0,1.787,234.0,74.9,164.19, ,1000.0,1035.762
1,174.1973,-41.6882,9000000.0,1.73079,234.0,74.9,165.73, ,1000.0,1035.762
1,174.1955,-41.6862,10000000.0,1.63492,234.0,74.9,167.3, ,1000.0,1035.762
1,174.1937,-41.6842,11000000.0,1.50887,234.0,74.9,168.86, ,1000.0,1035.762
1,174.1919,-41.6822,12000000.0,1.36184,234.0,74.9,170.4, ,1000.0,1035.762
1,174.19,-41.6802,13000000.0,1.20238,234.0,74.9,171.89, ,1000.0,1035.762
1,174.1882,-41.6782,14000000.0,1.03808,234.0,74.9,173.31, ,1000.0,1035.762
1,174.1864,-41.6762,15000000.0,0.87555,234.0,74.9,174.66, ,1000.0,1035.762
1,174.1846,-41.6742,16000000.0,0.72024,234.0,74.9,175.91, ,1000.0,1035.762
1,174.1828,-41.6721,17000000.0,0.57654,234.0,74.9,177.05, ,1000.0,1035.762
1,174.181,-41.6701,18000000.0,0.44769,234.0,74.9,178.05, ,1000.0,1035.762
1,174.1792,-41.6681,19000000.0,0.33584,234.0,74.9,178.88, ,1000.0,1035.762
1,174.1774,-41.6661,20000000.0,0.242,234.0,74.9,179.51, ,1000.0,1035.762
1,174.1755,-41.6641,21000000.0,0.1661,234.0,74.9,179.88, ,1000.0,1035.762
1,174.1737,-41.6621,22000000.0,0.10691,234.0,74.9,180.0, ,1000.0,1035.762
1,174.1719,-41.6601,23000000.0,0.06208,234.0,74.9,179.97, ,1000.0,1035.762
1,174.1701,-41.658,24000000.0,0.02803,234.0,74.9,179.84, ,1000.0,1035.762
1,174.2037,-41.7114,0.0,0.48705,234.0,74.9,146.47, ,1000.0,1035.762
1,174.2019,-41.7094,1000000.0,0.77254,234.0,74.9,154.1, ,1000.0,1035.762
1,174.2,-41.7074,2000000.0,1.07695,234.0,74.9,156.95, ,1000.0,1035.762
1,174.1982,-41.7054,3000000.0,1.36229,234.0,74.9,158.48, ,1000.0,1035.762
1,174.1964,-41.7033,4000000.0,1.60151,234.0,74.9,159.73, ,1000.0,1035.762
1,174.1946,-41.7013,5000000.0,1.77883,234.0,74.9,160.99, ,1000.0,1035.762
1,174.1928,-41.6993,6000000.0,1.88834,234.0,74.9,162.35, ,1000.0,1035.762
1,174.191,-41.6973,7000000.0,1.93152,234.0,74.9,163.82, ,1000.0,1035.762
1,174.1892,-41.6953,8000000.0,1.9147,234.0,74.9,165.36, ,1000.0,1035.762
1,174.1873,-41.6933,9000000.0,1.84687,234.0,74.9,166.94, ,1000.0,1035.762
1,174.1855,-41.6913,10000000.0,1.73824,234.0,74.9,168.52, ,1000.0,1035.762
1,174.1837,-41.6893,11000000.0,1.59913,234.0,74.9,170.08, ,1000.0,1035.762
1,174.1819,-41.6872,12000000.0,1.43933,234.0,74.9,171.6, ,1000.0,1035.762
1,174.1801,-41.6852,13000000.0,1.26778,234.0,74.9,173.05, ,1000.0,1035.762
1,174.1783,-41.6832,14000000.0,1.09237,234.0,74.9,174.41, ,1000.0,1035.762
1,174.1765,-41.6812,15000000.0,0.9198,234.0,74.9,175.68, ,1000.0,1035.762
1,174.1747,-41.6792,16000000.0,0.75565,234.0,74.9,176.83, ,1000.0,1035.762
1,174.1728,-41.6772,17000000.0,0.6043,234.0,74.9,177.85, ,1000.0,1035.762
1,174.171,-41.6752,18000000.0,0.46897,234.0,74.9,178.71, ,1000.0,1035.762
1,174.1692,-41.6731,19000000.0,0.35175,234.0,74.9,179.38, ,1000.0,1035.762
1,174.1674,-41.6711,20000000.0,0.25356,234.0,74.9,179.82, ,1000.0,1035.762
1,174.1656,-41.6691,21000000.0,0.1742,234.0,74.9,180.0, ,1000.0,1035.762
1,174.1638,-41.6671,22000000.0,0.11231,234.0,74.9,179.99, ,1000.0,1035.762
1,174.162,-41.6651,23000000.0,0.06535,234.0,74.9,179.83, ,1000.0,1035.762
1,174.1602,-41.6631,24000000.0,0.02957,234.0,74.9,179.59, ,1000.0,1035.762
1,174.1937,-41.7164,0.0,0.51327,234.0,74.9,149.22, ,1000.0,1035.762
1,174.1919,-41.7144,1000000.0,0.82192,234.0,74.9,155.63, ,1000.0,1035.762
1,174.1901,-41.7124,2000000.0,1.15364,234.0,74.9,158.04, ,1000.0,1035.762
1,174.1883,-41.7104,3000000.0,1.4603,234.0,74.9,159.49, ,1000.0,1035.762
1,174.1865,-41.7084,4000000.0,1.71206,234.0,74.9,160.77, ,1000.0,1035.762
1,174.1846,-41.7064,5000000.0,1.89366,234.0,74.9,162.11, ,1000.0,1035.762
1,174.1828,-41.7044,6000000.0,2.00096,234.0,74.9,163.54, ,1000.0,1035.762
1,174.181,-41.7023,7000000.0,2.03742,234.0,74.9,165.07, ,1000.0,1035.762
1,174.1792,-41.7003,8000000.0,2.01109,234.0,74.9,166.64, ,1000.0,1035.762
1,174.1774,-41.6983,9000000.0,1.93236,234.0,74.9,168.24, ,1000.0,1035.762
1,174.1756,-41.6963,10000000.0,1.81238,234.0,74.9,169.82, ,1000.0,1035.762
1,174.1738,-41.6943,11000000.0,1.66214,234.0,74.9,171.37, ,1000.0,1035.762
1,174.172,-41.6923,12000000.0,1.49188,234.0,74.9,172.84, ,1000.0,1035.762
1,174.1701,-41.6903,13000000.0,1.31076,234.0,74.9,174.23, ,1000.0,1035.762
1,174.1683,-41.6882,14000000.0,1.1268,234.0,74.9,175.52, ,1000.0,1035.762
1,174.1665,-41.6862,15000000.0,0.94679,234.0,74.9,176.68, ,1000.0,1035.762
1,174.1647,-41.6842,16000000.0,0.77628,234.0,74.9,177.72, ,1000.0,1035.762
1,174.1629,-41.6822,17000000.0,0.61963,234.0,74.9,178.59, ,1000.0,1035.762
1,174.1611,-41.6802,18000000.0,0.48,234.0,74.9,179.29, ,1000.0,1035.762
1,174.1593,-41.6782,19000000.0,0.3594,234.0,74.9,179.77, ,1000.0,1035.762
1,174.1575,-41.6762,20000000.0,0.25865,234.0,74.9,180.0, ,1000.0,1035.762
1,174.1556,-41.6742,21000000.0,0.17743,234.0,74.9,180.0, ,1000.0,1035.762
1,174.1538,-41.6721,22000000.0,0.11425,234.0,74.9,179.81, ,1000.0,1035.762
1,174.152,-41.6701,23000000.0,0.06641,234.0,74.9,179.45, ,1000.0,1035.762
1,174.1502,-41.6681,24000000.0,0.03003,234.0,74.9,179.04, ,1000.0,1035.762
1,174.1838,-41.7215,0.0,0.46697,234.0,74.9,155.09, ,1000.0,1035.762
1,174.1819,-41.7195,1000000.0,0.82319,234.0,74.9,158.39, ,1000.0,1035.762
1,174.1801,-41.7174,2000000.0,1.19147,234.0,74.9,159.79, ,1000.0,1035.762
1,174.1783,-41.7154,3000000.0,1.52138,234.0,74.9,160.91, ,1000.0,1035.762
1,174.1765,-41.7134,4000000.0,1.78466,234.0,74.9,162.1, ,1000.0,1035.762
1,174.1747,-41.7114,5000000.0,1.96898,234.0,74.9,163.43, ,1000.0,1035.762
1,174.1729,-41.7094,6000000.0,2.07311,234.0,74.9,164.89, ,1000.0,1035.762
1,174.1711,-41.7074,7000000.0,2.10289,234.0,74.9,166.44, ,1000.0,1035.762
1,174.1693,-41.7054,8000000.0,2.06811,234.0,74.9,168.03, ,1000.0,1035.762
1,174.1674,-41.7033,9000000.0,1.98036,234.0,74.9,169.62, ,1000.0,1035.762
1,174.1656,-41.7013,10000000.0,1.85155,234.0,74.9,171.19, ,1000.0,1035.762
1,174.1638,-41.6993,11000000.0,1.69312,234.0,74.9,172.69, ,1000.0,1035.762
1,174.162,-41.6973,12000000.0,1.51554,234.0,74.9,174.11, ,1000.0,1035.762
1,174.1602,-41.6953,13000000.0,1.32809,234.0,74.9,175.42, ,1000.0,1035.762
1,174.1584,-41.6933,14000000.0,1.1388,234.0,74.9,176.6, ,1000.0,1035.762
1,174.1566,-41.6913,15000000.0,0.95443,234.0,74.9,177.64, ,1000.0,1035.762
1,174.1548,-41.6893,16000000.0,0.78048,234.0,74.9,178.53, ,1000.0,1035.762
1,174.1529,-41.6872,17000000.0,0.62125,234.0,74.9,179.23, ,1000.0,1035.762
1,174.1511,-41.6852,18000000.0,0.47981,234.0,74.9,179.74, ,1000.0,1035.762
1,174.1493,-41.6832,19000000.0,0.35808,234.0,74.9,180.0, ,1000.0,1035.762
1,174.1475,-41.6812,20000000.0,0.25677,234.0,74.9,180.0, ,1000.0,1035.762
1,174.1457,-41.6792,21000000.0,0.17545,234.0,74.9,179.77, ,1000.0,1035.762
1,174.1439,-41.6772,22000000.0,0.11251,234.0,74.9,179.3, ,1000.0,1035.762
1,174.1421,-41.6752,23000000.0,0.06514,234.0,74.9,178.63, ,1000.0,1035.762
1,174.1403,-41.6731,24000000.0,0.02937,234.0,74.9,177.96, ,1000.0,1035.762
1,174.1738,-41.7265,0.0,0.33978,234.0,74.9,164.2, ,1000.0,1035.762
1,174.172,-41.7245,1000000.0,0.76857,234.0,74.9,161.88, ,1000.0,1035.762
1,174.1702,-41.7225,2000000.0,1.18154,234.0,74.9,161.94, ,1000.0,1035.762
1,174.1684,-41.7205,3000000.0,1.53562,234.0,74.9,162.6, ,1000.0,1035.762
1,174.1665,-41.7184,4000000.0,1.80919,234.0,74.9,163.62, ,1000.0,1035.762
1,174.1647,-41.7164,5000000.0,1.9952,234.0,74.9,164.9, ,1000.0,1035.762
1,174.1629,-41.7144,6000000.0,2.09616,234.0,74.9,166.35, ,1000.0,1035.762
1,174.1611,-41.7124,7000000.0,2.12044,234.0,74.9,167.89, ,1000.0,1035.762
1,174.1593,-41.7104,8000000.0,2.07944,234.0,74.9,169.47, ,1000.0,1035.762
1,174.1575,-41.7084,9000000.0,1.98565,234.0,74.9,171.04, ,1000.0,1035.762
1,174.1557,-41.7064,10000000.0,1.85152,234.0,74.9,172.57, ,1000.0,1035.762
1,174.1539,-41.7044,11000000.0,1.68867,234.0,74.9,174.02, ,1000.0,1035.762
1,174.152,-41.7023,12000000.0,1.50765,234.0,74.9,175.36, ,1000.0,1035.762
1,174.1502,-41.7003,13000000.0,1.3177,234.0,74.9,176.57, ,1000.0,1035.762
1,174.1484,-41.6983,14000000.0,1.12678,234.0,74.9,177.62, ,1000.0,1035.762
1,174.1466,-41.6963,15000000.0,0.94155,234.0,74.9,178.51, ,1000.0,1035.762
1,174.1448,-41.6943,16000000.0,0.76742,234.0,74.9,179.21, ,1000.0,1035.762
1,174.143,-41.6923,17000000.0,0.6086,234.0,74.9,179.72, ,1000.0,1035.762
1,174.1412,-41.6903,18000000.0,0.46805,234.0,74.9,179.99, ,1000.0,1035.762
1,174.1394,-41.6882,19000000.0,0.34759,234.0,74.9,180.0, ,1000.0,1035.762
1,174.1376,-41.6862,20000000.0,0.24784,234.0,74.9,179.74, ,1000.0,1035.762
1,174.1357,-41.6842,21000000.0,0.16825,234.0,74.9,179.16, ,1000.0,1035.762
1,174.1339,-41.6822,22000000.0,0.10712,234.0,74.9,178.25, ,1000.0,1035.762
1,174.1321,-41.6802,23000000.0,0.0616,234.0,74.9,177.09, ,1000.0,1035.762
1,174.1303,-41.6782,24000000.0,0.02762,234.0,74.9,175.99, ,1000.0,1035.762
1,174.1638,-41.7315,0.0,0.16198,234.0,74.9,171.25, ,1000.0,1035.762
1,174.162,-41.7295,1000000.0,0.67438,234.0,74.9,164.47, ,1000.0,1035.762
1,174.1602,-41.7275,2000000.0,1.12878,234.0,74.9,163.9, ,1000.0,1035.762
1,174.1584,-41.7255,3000000.0,1.50149,234.0,74.9,164.29, ,1000.0,1035.762
1,174.1566,-41.7235,4000000.0,1.7813,234.0,74.9,165.19, ,1000.0,1035.762
1,174.1548,-41.7215,5000000.0,1.96714,234.0,74.9,166.41, ,1000.0,1035.762
1,174.153,-41.7195,6000000.0,2.06515,234.0,74.9,167.82, ,1000.0,1035.762
1,174.1512,-41.7174,7000000.0,2.08578,234.0,74.9,169.35, ,1000.0,1035.762
1,174.1493,-41.7154,8000000.0,2.04155,234.0,74.9,170.91, ,1000.0,1035.762
1,174.1475,-41.7134,9000000.0,1.9455,234.0,74.9,172.45, ,1000.0,1035.762
1,174.1457,-41.7114,10000000.0,1.81021,234.0,74.9,173.92, ,1000.0,1035.762
1,174.1439,-41.7094,11000000.0,1.64731,234.0,74.9,175.3, ,1000.0,1035.762
1,174.1421,-41.7074,12000000.0,1.4672,234.0,74.9,176.55, ,1000.0,1035.762
1,174.1403,-41.7054,13000000.0,1.27896,234.0,74.9,177.64, ,1000.0,1035.762
1,174.1385,-41.7033,14000000.0,1.09041,234.0,74.9,178.53, ,1000.0,1035.762
1,174.1367,-41.7013,15000000.0,0.90805,234.0,74.9,179.23, ,1000.0,1035.762
1,174.1348,-41.6993,16000000.0,0.73719,234.0,74.9,179.73, ,1000.0,1035.762
1,174.133,-41.6973,17000000.0,0.58189,234.0,74.9,180.0, ,1000.0,1035.762
1,174.1312,-41.6953,18000000.0,0.44504,234.0,74.9,180.0, ,1000.0,1035.762
1,174.1294,-41.6933,19000000.0,0.32831,234.0,74.9,179.71, ,1000.0,1035.762
1,174.1276,-41.6913,20000000.0,0.23225,234.0,74.9,179.03, ,1000.0,1035.762
1,174.1258,-41.6893,21000000.0,0.15622,234.0,74.9,177.91, ,1000.0,1035.762
1,174.124,-41.6872,22000000.0,0.09846,234.0,74.9,176.29, ,1000.0,1035.762
1,174.1222,-41.6852,23000000.0,0.05606,234.0,74.9,174.34, ,1000.0,1035.762
1,174.1204,-41.6832,24000000.0,0.02495,234.0,74.9,172.54, ,1000.0,1035.762
1,174.1539,-41.7366,0.0,0.02696,234.0,74.9,180.0, ,1000.0,1035.762
1,174.1521,-41.7346,1000000.0,0.582,234.0,74.9,165.89, ,1000.0,1035.762
1,174.1503,-41.7325,2000000.0,1.05026,234.0,74.9,165.46, ,1000.0,1035.762
1,174.1484,-41.7305,3000000.0,1.42536,234.0,74.9,165.79, ,1000.0,1035.762
1,174.1466,-41.7285,4000000.0,1.70283,234.0,74.9,166.64, ,1000.0,1035.762
1,174.1448,-41.7265,5000000.0,1.88499,234.0,74.9,167.82, ,1000.0,1035.762
1,174.143,-41.7245,6000000.0,1.97982,234.0,74.9,169.21, ,1000.0,1035.762
1,174.1412,-41.7225,7000000.0,1.99871,234.0,74.9,170.72, ,1000.0,1035.762
1,174.1394,-41.7205,8000000.0,1.95453,234.0,74.9,172.25, ,1000.0,1035.762
1,174.1376,-41.7185,9000000.0,1.86026,234.0,74.9,173.76, ,1000.0,1035.762
1,174.1358,-41.7164,10000000.0,1.72826,234.0,74.9,175.18, ,1000.0,1035.762
1,174.1339,-41.7144,11000000.0,1.56986,234.0,74.9,176.48, ,1000.0,1035.762
1,174.1321,-41.7124,12000000.0,1.39514,234.0,74.9,177.62, ,1000.0,1035.762
1,174.1303,-41.7104,13000000.0,1.21292,234.0,74.9,178.57, ,1000.0,1035.762
1,174.1285,-41.7084,14000000.0,1.03079,234.0,74.9,179.28, ,1000.0,1035.762
1,174.1267,-41.7064,15000000.0,0.85506,234.0,74.9,179.75, ,1000.0,1035.762
1,174.1249,-41.7044,16000000.0,0.6909,234.0,74.9,180.0, ,1000.0,1035.762
1,174.1231,-41.7023,17000000.0,0.54223,234.0,74.9,180.0, ,1000.0,1035.762
1,174.1213,-41.7003,18000000.0,0.41181,234.0,74.9,179.67, ,1000.0,1035.762
1,174.1194,-41.6983,19000000.0,0.30122,234.0,74.9,178.91, ,1000.0,1035.762
1,174.1176,-41.6963,20000000.0,0.21091,234.0,74.9,177.6, ,1000.0,1035.762
1,174.1158,-41.6943,21000000.0,0.14019,234.0,74.9,175.59, ,1000.0,1035.762
1,174.114,-41.6923,22000000.0,0.08725,234.0,74.9,172.84, ,1000.0,1035.762
1,174.1122,-41.6903,23000000.0,0.04911,234.0,74.9,169.56, ,1000.0,1035.762
1,174.1104,-41.6882,24000000.0,0.02168,234.0,74.9,166.54, ,1000.0,1035.762
1,174.1439,-41.7416,0.0,0.0,234.0,74.9,180.0, ,1000.0,1035.762
1,174.1421,-41.7396,1000000.0,0.51248,234.0,74.9,167.27, ,1000.0,1035.762
1,174.1403,-41.7376,2000000.0,0.95666,234.0,74.9,166.88, ,1000.0,1035.762
1,174.1385,-41.7356,3000000.0,1.31442,234.0,74.9,167.11, ,1000.0,1035.762
1,174.1367,-41.7336,4000000.0,1.57943,234.0,74.9,167.87, ,1000.0,1035.762
1,174.1349,-41.7315,5000000.0,1.75358,234.0,74.9,169.02, ,1000.0,1035.762
1,174.133,-41.7295,6000000.0,1.84456,234.0,74.9,170.4, ,1000.0,1035.762
1,174.1312,-41.7275,7000000.0,1.86336,234.0,74.9,171.9, ,1000.0,1035.762
1,174.1294,-41.7255,8000000.0,1.82227,234.0,74.9,173.42, ,1000.0,1035.762
1,174.1276,-41.7235,9000000.0,1.73361,234.0,74.9,174.89, ,1000.0,1035.762
1,174.1258,-41.7215,10000000.0,1.60912,234.0,74.9,176.26, ,1000.0,1035.762
1,174.124,-41.7195,11000000.0,1.45953,234.0,74.9,177.48, ,1000.0,1035.762
1,174.1222,-41.7174,12000000.0,1.29446,234.0,74.9,178.5, ,1000.0,1035.762
1,174.1204,-41.7154,13000000.0,1.12235,234.0,74.9,179.29, ,1000.0,1035.762
1,174.1185,-41.7134,14000000.0,0.95046,234.0,74.9,179.8, ,1000.0,1035.762
1,174.1167,-41.7114,15000000.0,0.78492,234.0,74.9,180.0, ,1000.0,1035.762
1,174.1149,-41.7094,16000000.0,0.63069,234.0,74.9,179.98, ,1000.0,1035.762
1,174.1131,-41.7074,17000000.0,0.49155,234.0,74.9,179.61, ,1000.0,1035.762
1,174.1113,-41.7054,18000000.0,0.37014,234.0,74.9,178.77, ,1000.0,1035.762
1,174.1095,-41.7033,19000000.0,0.26793,234.0,74.9,177.29, ,1000.0,1035.762
1,174.1077,-41.7013,20000000.0,0.18532,234.0,74.9,174.96, ,1000.0,1035.762
1,174.1059,-41.6993,21000000.0,0.12156,234.0,74.9,171.53, ,1000.0,1035.762
1,174.1041,-41.6973,22000000.0,0.07475,234.0,74.9,166.89, ,1000.0,1035.762
1,174.1022,-41.6953,23000000.0,0.04176,234.0,74.9,161.38, ,1000.0,1035.762
1,174.1004,-41.6933,24000000.0,0.01842,234.0,74.9,156.36, ,1000.0,1035.762
1,174.134,-41.7466,0.0,0.0,234.0,74.9,180.0, ,1000.0,1035.762
1,174.1321,-41.7446,1000000.0,0.44869,234.0,74.9,169.54, ,1000.0,1035.762
1,174.1303,-41.7426,2000000.0,0.84753,234.0,74.9,168.39, ,1000.0,1035.762
1,174.1285,-41.7406,3000000.0,1.17432,234.0,74.9,168.22, ,1000.0,1035.762
1,174.1267,-41.7386,4000000.0,1.41913,234.0,74.9,168.8, ,1000.0,1035.762
1,174.1249,-41.7366,5000000.0,1.58165,234.0,74.9,169.89, ,1000.0,1035.762
1,174.1231,-41.7346,6000000.0,1.66804,234.0,74.9,171.26, ,1000.0,1035.762
1,174.1213,-41.7325,7000000.0,1.68792,234.0,74.9,172.76, ,1000.0,1035.762
1,174.1195,-41.7305,8000000.0,1.65231,234.0,74.9,174.28, ,1000.0,1035.762
1,174.1176,-41.7285,9000000.0,1.57242,234.0,74.9,175.73, ,1000.0,1035.762
1,174.1158,-41.7265,10000000.0,1.45896,234.0,74.9,177.05, ,1000.0,1035.762
1,174.114,-41.7245,11000000.0,1.32187,234.0,74.9,178.18, ,1000.0,1035.762
1,174.1122,-41.7225,12000000.0,1.1701,234.0,74.9,179.09, ,1000.0,1035.762
1,174.1104,-41.7205,13000000.0,1.01163,234.0,74.9,179.71, ,1000.0,1035.762
1,174.1086,-41.7184,14000000.0,0.85335,234.0,74.9,180.0, ,1000.0,1035.762
1,174.1068,-41.7164,15000000.0,0.70111,234.0,74.9,179.93, ,1000.0,1035.762
1,174.105,-41.7144,16000000.0,0.55966,234.0,74.9,179.5, ,1000.0,1035.762
1,174.1032,-41.7124,17000000.0,0.43262,234.0,74.9,178.57, ,1000.0,1035.762
1,174.1013,-41.7104,18000000.0,0.32251,234.0,74.9,176.93, ,1000.0,1035.762
1,174.0995,-41.7084,19000000.0,0.23075,234.0,74.9,174.31, ,1000.0,1035.762
1,174.0977,-41.7064,20000000.0,0.15766,234.0,74.9,170.34, ,1000.0,1035.762
1,174.0959,-41.7043,21000000.0,0.10243,234.0,74.9,164.6, ,1000.0,1035.762
1,174.0941,-41.7023,22000000.0,0.06292,234.0,74.9,156.92, ,1000.0,1035.762
1,174.0923,-41.7003,23000000.0,0.03566,234.0,74.9,148.09, ,1000.0,1035.762
1,174.0905,-41.6983,24000000.0,0.01612,234.0,74.9,140.45, ,1000.0,1035.762
1,174.124,-41.7517,0.0,0.00762,234.0,74.9,180.0, ,1000.0,1035.762
1,174.1222,-41.7497,1000000.0,0.3786,234.0,74.9,171.79, ,1000.0,1035.762
1,174.1204,-41.7476,2000000.0,0.72336,234.0,74.9,169.59, ,1000.0,1035.762
1,174.1186,-41.7456,3000000.0,1.01274,234.0,74.9,168.86, ,1000.0,1035.762
1,174.1167,-41.7436,4000000.0,1.23297,234.0,74.9,169.21, ,1000.0,1035.762
1,174.1149,-41.7416,5000000.0,1.38142,234.0,74.9,170.24, ,1000.0,1035.762
1,174.1131,-41.7396,6000000.0,1.46242,234.0,74.9,171.62, ,1000.0,1035.762
1,174.1113,-41.7376,7000000.0,1.48387,234.0,74.9,173.16, ,1000.0,1035.762
1,174.1095,-41.7356,8000000.0,1.4552,234.0,74.9,174.7, ,1000.0,1035.762
1,174.1077,-41.7335,9000000.0,1.38614,234.0,74.9,176.14, ,1000.0,1035.762
1,174.1059,-41.7315,10000000.0,1.2862,234.0,74.9,177.42, ,1000.0,1035.762
1,174.1041,-41.7295,11000000.0,1.16428,234.0,74.9,178.47, ,1000.0,1035.762
1,174.1022,-41.7275,12000000.0,1.02859,234.0,74.9,179.23, ,1000.0,1035.762
1,174.1004,-41.7255,13000000.0,0.8865,234.0,74.9,179.66, ,1000.0,1035.762
1,174.0986,-41.7235,14000000.0,0.74447,234.0,74.9,179.67, ,1000.0,1035.762
1,174.0968,-41.7215,15000000.0,0.60803,234.0,74.9,179.22, ,1000.0,1035.762
1,174.095,-41.7194,16000000.0,0.48169,234.0,74.9,178.19, ,1000.0,1035.762
1,174.0932,-41.7174,17000000.0,0.36892,234.0,74.9,176.4, ,1000.0,1035.762
1,174.0914,-41.7154,18000000.0,0.27216,234.0,74.9,173.53, ,1000.0,1035.762
1,174.0896,-41.7134,19000000.0,0.19277,234.0,74.9,169.11, ,1000.0,1035.762
1,174.0878,-41.7114,20000000.0,0.13103,234.0,74.9,162.54, ,1000.0,1035.762
1,174.0859,-41.7094,21000000.0,0.0859,234.0,74.9,153.31, ,1000.0,1035.762
1,174.0841,-41.7074,22000000.0,0.0547,234.0,74.9,141.71, ,1000.0,1035.762
1,174.0823,-41.7053,23000000.0,0.033,234.0,74.9,129.82, ,1000.0,1035.762
1,174.0805,-41.7033,24000000.0,0.01588,234.0,74.9,120.84, ,1000.0,1035.762
1,174.114,-41.7567,0.0,0.00291,234.0,74.9,180.0, ,1000.0,1035.762
1,174.1122,-41.7547,1000000.0,0.30561,234.0,74.9,172.38, ,1000.0,1035.762
1,174.1104,-41.7527,2000000.0,0.59419,234.0,74.9,169.68, ,1000.0,1035.762
1,174.1086,-41.7507,3000000.0,0.84268,234.0,74.9,168.62, ,1000.0,1035.762
1,174.1068,-41.7486,4000000.0,1.03543,234.0,74.9,168.84, ,1000.0,1035.762
1,174.105,-41.7466,5000000.0,1.16778,234.0,74.9,169.86, ,1000.0,1035.762
1,174.1031,-41.7446,6000000.0,1.2422,234.0,74.9,171.31, ,1000.0,1035.762
1,174.1013,-41.7426,7000000.0,1.26483,234.0,74.9,172.92, ,1000.0,1035.762
1,174.0995,-41.7406,8000000.0,1.24336,234.0,74.9,174.51, ,1000.0,1035.762
1,174.0977,-41.7386,9000000.0,1.18596,234.0,74.9,175.96, ,1000.0,1035.762
1,174.0959,-41.7366,10000000.0,1.10074,234.0,74.9,177.2, ,1000.0,1035.762
1,174.0941,-41.7345,11000000.0,0.9955,234.0,74.9,178.14, ,1000.0,1035.762
1,174.0923,-41.7325,12000000.0,0.87757,234.0,74.9,178.73, ,1000.0,1035.762
1,174.0905,-41.7305,13000000.0,0.75363,234.0,74.9,178.88, ,1000.0,1035.762
1,174.0887,-41.7285,14000000.0,0.62967,234.0,74.9,178.49, ,1000.0,1035.762
1,174.0868,-41.7265,15000000.0,0.51085,234.0,74.9,177.44, ,1000.0,1035.762
1,174.085,-41.7245,16000000.0,0.40143,234.0,74.9,175.53, ,1000.0,1035.762
1,174.0832,-41.7225,17000000.0,0.30475,234.0,74.9,172.42, ,1000.0,1035.762
1,174.0814,-41.7204,18000000.0,0.22321,234.0,74.9,167.62, ,1000.0,1035.762
1,174.0796,-41.7184,19000000.0,0.15815,234.0,74.9,160.42, ,1000.0,1035.762
1,174.0778,-41.7164,20000000.0,0.10968,234.0,74.9,150.19, ,1000.0,1035.762
1,174.076,-41.7144,21000000.0,0.07603,234.0,74.9,137.12, ,1000.0,1035.762
1,174.0742,-41.7124,22000000.0,0.05305,234.0,74.9,123.23, ,1000.0,1035.762
1,174.0724,-41.7104,23000000.0,0.03513,234.0,74.9,111.62, ,1000.0,1035.762
1,174.0706,-41.7084,24000000.0,0.01794,234.0,74.9,104.23, ,1000.0,1035.762
1,174.1041,-41.7617,0.0,0.00049,234.0,74.9,180.0, ,1000.0,1035.762
1,174.1022,-41.7597,1000000.0,0.2391,234.0,74.9,171.09, ,1000.0,1035.762
1,174.1004,-41.7577,2000000.0,0.4721,234.0,74.9,168.32, ,1000.0,1035.762
1,174.0986,-41.7557,3000000.0,0.67831,234.0,74.9,167.19, ,1000.0,1035.762
1,174.0968,-41.7537,4000000.0,0.84171,234.0,74.9,167.43, ,1000.0,1035.762
1,174.095,-41.7517,5000000.0,0.95611,234.0,74.9,168.55, ,1000.0,1035.762
1,174.0932,-41.7496,6000000.0,1.02234,234.0,74.9,170.13, ,1000.0,1035.762
1,174.0914,-41.7476,7000000.0,1.04488,234.0,74.9,171.85, ,1000.0,1035.762
1,174.0896,-41.7456,8000000.0,1.02976,234.0,74.9,173.52, ,1000.0,1035.762
1,174.0877,-41.7436,9000000.0,0.98357,234.0,74.9,174.99, ,1000.0,1035.762
1,174.0859,-41.7416,10000000.0,0.91304,234.0,74.9,176.16, ,1000.0,1035.762
1,174.0841,-41.7396,11000000.0,0.8248,234.0,74.9,176.96, ,1000.0,1035.762
1,174.0823,-41.7376,12000000.0,0.72522,234.0,74.9,177.28, ,1000.0,1035.762
1,174.0805,-41.7355,13000000.0,0.62026,234.0,74.9,177.01, ,1000.0,1035.762
1,174.0787,-41.7335,14000000.0,0.51537,234.0,74.9,176.0, ,1000.0,1035.762
1,174.0769,-41.7315,15000000.0,0.41534,234.0,74.9,174.01, ,1000.0,1035.762
1,174.0751,-41.7295,16000000.0,0.32423,234.0,74.9,170.71, ,1000.0,1035.762
1,174.0733,-41.7275,17000000.0,0.24529,234.0,74.9,165.56, ,1000.0,1035.762
1,174.0714,-41.7255,18000000.0,0.18091,234.0,74.9,157.87, ,1000.0,1035.762
1,174.0696,-41.7235,19000000.0,0.13225,234.0,74.9,147.06, ,1000.0,1035.762
1,174.0678,-41.7214,20000000.0,0.09846,234.0,74.9,133.47, ,1000.0,1035.762
1,174.066,-41.7194,21000000.0,0.07578,234.0,74.9,119.26, ,1000.0,1035.762
1,174.0642,-41.7174,22000000.0,0.0583,234.0,74.9,107.3, ,1000.0,1035.762
1,174.0624,-41.7154,23000000.0,0.04096,234.0,74.9,99.03, ,1000.0,1035.762
1,174.0606,-41.7134,24000000.0,0.02144,234.0,74.9,94.4, ,1000.0,1035.762
1,174.0941,-41.7668,0.0,0.0,234.0,74.9,180.0, ,1000.0,1035.762
1,174.0923,-41.7647,1000000.0,0.18189,234.0,74.9,168.64, ,1000.0,1035.762
1,174.0905,-41.7627,2000000.0,0.36438,234.0,74.9,165.72, ,1000.0,1035.762
1,174.0886,-41.7607,3000000.0,0.53011,234.0,74.9,164.59, ,1000.0,1035.762
1,174.0868,-41.7587,4000000.0,0.66402,234.0,74.9,164.93, ,1000.0,1035.762
1,174.085,-41.7567,5000000.0,0.75937,234.0,74.9,166.19, ,1000.0,1035.762
1,174.0832,-41.7547,6000000.0,0.81588,234.0,74.9,167.91, ,1000.0,1035.762
1,174.0814,-41.7527,7000000.0,0.83666,234.0,74.9,169.76, ,1000.0,1035.762
1,174.0796,-41.7506,8000000.0,0.82632,234.0,74.9,171.49, ,1000.0,1035.762
1,174.0778,-41.7486,9000000.0,0.79001,234.0,74.9,172.95, ,1000.0,1035.762
1,174.076,-41.7466,10000000.0,0.73316,234.0,74.9,174.0, ,1000.0,1035.762
1,174.0742,-41.7446,11000000.0,0.66124,234.0,74.9,174.54, ,1000.0,1035.762
1,174.0723,-41.7426,12000000.0,0.57969,234.0,74.9,174.43, ,1000.0,1035.762
1,174.0705,-41.7406,13000000.0,0.49375,234.0,74.9,173.49, ,1000.0,1035.762
1,174.0687,-41.7386,14000000.0,0.40832,234.0,74.9,171.48, ,1000.0,1035.762
1,174.0669,-41.7365,15000000.0,0.32787,234.0,74.9,168.01, ,1000.0,1035.762
1,174.0651,-41.7345,16000000.0,0.25629,234.0,74.9,162.57, ,1000.0,1035.762
1,174.0633,-41.7325,17000000.0,0.1968,234.0,74.9,154.51, ,1000.0,1035.762
1,174.0615,-41.7305,18000000.0,0.15144,234.0,74.9,143.43, ,1000.0,1035.762
1,174.0597,-41.7285,19000000.0,0.12013,234.0,74.9,129.97, ,1000.0,1035.762
1,174.0579,-41.7265,20000000.0,0.09952,234.0,74.9,116.37, ,1000.0,1035.762
1,174.0561,-41.7245,21000000.0,0.08382,234.0,74.9,105.11, ,1000.0,1035.762
1,174.0542,-41.7224,22000000.0,0.06773,234.0,74.9,97.24, ,1000.0,1035.762
1,174.0524,-41.7204,23000000.0,0.0484,234.0,74.9,92.54, ,1000.0,1035.762
1,174.0506,-41.7184,24000000.0,0.0254,234.0,74.9,90.37, ,1000.0,1035.762
1,174.0841,-41.7718,0.0,0.0,234.0,74.9,180.0, ,1000.0,1035.762
1,174.0823,-41.7698,1000000.0,0.13407,234.0,74.9,166.19, ,1000.0,1035.762
1,174.0805,-41.7678,2000000.0,0.27323,234.0,74.9,162.55, ,1000.0,1035.762
1,174.0787,-41.7657,3000000.0,0.4028,234.0,74.9,161.16, ,1000.0,1035.762
1,174.0769,-41.7637,4000000.0,0.50921,234.0,74.9,161.45, ,1000.0,1035.762
1,174.0751,-41.7617,5000000.0,0.58591,234.0,74.9,162.76, ,1000.0,1035.762
1,174.0732,-41.7597,6000000.0,0.63205,234.0,74.9,164.55, ,1000.0,1035.762
1,174.0714,-41.7577,7000000.0,0.64978,234.0,74.9,166.44, ,1000.0,1035.762
1,174.0696,-41.7557,8000000.0,0.64261,234.0,74.9,168.16, ,1000.0,1035.762
1,174.0678,-41.7537,9000000.0,0.61453,234.0,74.9,169.49, ,1000.0,1035.762
1,174.066,-41.7516,10000000.0,0.56984,234.0,74.9,170.28, ,1000.0,1035.762
1,174.0642,-41.7496,11000000.0,0.51303,234.0,74.9,170.36, ,1000.0,1035.762
1,174.0624,-41.7476,12000000.0,0.44867,234.0,74.9,169.52, ,1000.0,1035.762
1,174.0606,-41.7456,13000000.0,0.38134,234.0,74.9,167.5, ,1000.0,1035.762
1,174.0588,-41.7436,14000000.0,0.3155,234.0,74.9,163.9, ,1000.0,1035.762
1,174.0569,-41.7416,15000000.0,0.25532,234.0,74.9,158.22, ,1000.0,1035.762
1,174.0551,-41.7396,16000000.0,0.20453,234.0,74.9,149.93, ,1000.0,1035.762
1,174.0533,-41.7375,17000000.0,0.16573,234.0,74.9,138.91, ,1000.0,1035.762
1,174.0515,-41.7355,18000000.0,0.13932,234.0,74.9,126.11, ,1000.0,1035.762
1,174.0497,-41.7335,19000000.0,0.12235,234.0,74.9,113.65, ,1000.0,1035.762
1,174.0479,-41.7315,20000000.0,0.10954,234.0,74.9,103.53, ,1000.0,1035.762
1,174.0461,-41.7295,21000000.0,0.09587,234.0,74.9,96.47, ,1000.0,1035.762
1,174.0443,-41.7275,22000000.0,0.0783,234.0,74.9,92.22, ,1000.0,1035.762
1,174.0425,-41.7254,23000000.0,0.05588,234.0,74.9,90.24, ,1000.0,1035.762
1,174.0407,-41.7234,24000000.0,0.02921,234.0,74.9,90.0, ,1000.0,1035.762
1,174.0741,-41.7768,0.0,0.0,234.0,74.9,180.0, ,1000.0,1035.762
1,174.0723,-41.7748,1000000.0,0.09462,234.0,74.9,163.99, ,1000.0,1035.762
1,174.0705,-41.7728,2000000.0,0.19743,234.0,74.9,159.4, ,1000.0,1035.762
1,174.0687,-41.7708,3000000.0,0.29616,234.0,74.9,157.37, ,1000.0,1035.762
1,174.0669,-41.7688,4000000.0,0.37876,234.0,74.9,157.28, ,1000.0,1035.762
1,174.0651,-41.7667,5000000.0,0.43898,234.0,74.9,158.35, ,1000.0,1035.762
1,174.0633,-41.7647,6000000.0,0.47556,234.0,74.9,159.97, ,1000.0,1035.762
1,174.0615,-41.7627,7000000.0,0.49002,234.0,74.9,161.69, ,1000.0,1035.762
1,174.0596,-41.7607,8000000.0,0.48507,234.0,74.9,163.17, ,1000.0,1035.762
1,174.0578,-41.7587,9000000.0,0.4639,234.0,74.9,164.16, ,1000.0,1035.762
1,174.056,-41.7567,10000000.0,0.42999,234.0,74.9,164.4, ,1000.0,1035.762
1,174.0542,-41.7547,11000000.0,0.38706,234.0,74.9,163.66, ,1000.0,1035.762
1,174.0524,-41.7526,12000000.0,0.339,234.0,74.9,161.63, ,1000.0,1035.762
1,174.0506,-41.7506,13000000.0,0.28989,234.0,74.9,157.92, ,1000.0,1035.762
1,174.0488,-41.7486,14000000.0,0.24379,234.0,74.9,152.11, ,1000.0,1035.762
1,174.047,-41.7466,15000000.0,0.20445,234.0,74.9,143.84, ,1000.0,1035.762
1,174.0452,-41.7446,16000000.0,0.17462,234.0,74.9,133.3, ,1000.0,1035.762
1,174.0434,-41.7426,17000000.0,0.15479,234.0,74.9,121.63, ,1000.0,1035.762
1,174.0415,-41.7405,18000000.0,0.14251,234.0,74.9,110.69, ,1000.0,1035.762
1,174.0397,-41.7385,19000000.0,0.13331,234.0,74.9,101.93, ,1000.0,1035.762
1,174.0379,-41.7365,20000000.0,0.12283,234.0,74.9,95.81, ,1000.0,1035.762
1,174.0361,-41.7345,21000000.0,0.10817,234.0,74.9,92.1, ,1000.0,1035.762
1,174.0343,-41.7325,22000000.0,0.08805,234.0,74.9,90.33, ,1000.0,1035.762
1,174.0325,-41.7305,23000000.0,0.06252,234.0,74.9,90.0, ,1000.0,1035.762
1,174.0307,-41.7285,24000000.0,0.03257,234.0,74.9,90.0, ,1000.0,1035.762
1,174.0642,-41.7818,0.0,0.0,234.0,74.9,180.0, ,1000.0,1035.762
1,174.0624,-41.7798,1000000.0,0.0629,234.0,74.9,163.04, ,1000.0,1035.762
1,174.0605,-41.7778,2000000.0,0.13496,234.0,74.9,156.94, ,1000.0,1035.762
1,174.0587,-41.7758,3000000.0,0.20789,234.0,74.9,153.65, ,1000.0,1035.762
1,174.0569,-41.7738,4000000.0,0.27106,234.0,74.9,152.66, ,1000.0,1035.762
1,174.0551,-41.7718,5000000.0,0.31813,234.0,74.9,153.05, ,1000.0,1035.762
1,174.0533,-41.7697,6000000.0,0.3473,234.0,74.9,154.09, ,1000.0,1035.762
1,174.0515,-41.7677,7000000.0,0.3595,234.0,74.9,155.26, ,1000.0,1035.762
1,174.0497,-41.7657,8000000.0,0.3569,234.0,74.9,156.14, ,1000.0,1035.762
1,174.0479,-41.7637,9000000.0,0.34219,234.0,74.9,156.37, ,1000.0,1035.762
1,174.0461,-41.7617,10000000.0,0.31831,234.0,74.9,155.62, ,1000.0,1035.762
1,174.0442,-41.7597,11000000.0,0.2885,234.0,74.9,153.55, ,1000.0,1035.762
1,174.0424,-41.7577,12000000.0,0.25621,234.0,74.9,149.81, ,1000.0,1035.762
1,174.0406,-41.7556,13000000.0,0.22502,234.0,74.9,144.05, ,1000.0,1035.762
1,174.0388,-41.7536,14000000.0,0.19829,234.0,74.9,136.18, ,1000.0,1035.762
1,174.037,-41.7516,15000000.0,0.17841,234.0,74.9,126.63, ,1000.0,1035.762
1,174.0352,-41.7496,16000000.0,0.16579,234.0,74.9,116.56, ,1000.0,1035.762
1,174.0334,-41.7476,17000000.0,0.15851,234.0,74.9,107.39, ,1000.0,1035.762
1,174.0316,-41.7456,18000000.0,0.15311,234.0,74.9,100.12, ,1000.0,1035.762
1,174.0298,-41.7436,19000000.0,0.14613,234.0,74.9,95.02, ,1000.0,1035.762
1,174.028,-41.7415,20000000.0,0.13503,234.0,74.9,91.89, ,1000.0,1035.762
1,174.0261,-41.7395,21000000.0,0.1184,234.0,74.9,90.36, ,1000.0,1035.762
1,174.0243,-41.7375,22000000.0,0.09583,234.0,74.9,90.0, ,1000.0,1035.762
1,174.0225,-41.7355,23000000.0,0.06774,234.0,74.9,90.0, ,1000.0,1035.762
1,174.0207,-41.7335,24000000.0,0.03519,234.0,74.9,90.0, ,1000.0,1035.762
1,174.0542,-41.7869,0.0,0.0,234.0,74.9,180.0, ,1000.0,1035.762
1,174.0524,-41.7848,1000000.0,0.03731,234.0,74.9,165.62, ,1000.0,1035.762
1,174.0506,-41.7828,2000000.0,0.0841,234.0,74.9,155.73, ,1000.0,1035.762
1,174.0488,-41.7808,3000000.0,0.13607,234.0,74.9,150.09, ,1000.0,1035.762
1,174.0469,-41.7788,4000000.0,0.18395,234.0,74.9,147.56, ,1000.0,1035.762
1,174.0451,-41.7768,5000000.0,0.22132,234.0,74.9,146.76, ,1000.0,1035.762
1,174.0433,-41.7748,6000000.0,0.24578,234.0,74.9,146.75, ,1000.0,1035.762
1,174.0415,-41.7728,7000000.0,0.2576,234.0,74.9,146.88, ,1000.0,1035.762
1,174.0397,-41.7707,8000000.0,0.25845,234.0,74.9,146.65, ,1000.0,1035.762
1,174.0379,-41.7687,9000000.0,0.25063,234.0,74.9,145.62, ,1000.0,1035.762
1,174.0361,-41.7667,10000000.0,0.23681,234.0,74.9,143.42, ,1000.0,1035.762
1,174.0343,-41.7647,11000000.0,0.21984,234.0,74.9,139.72, ,1000.0,1035.762
1,174.0325,-41.7627,12000000.0,0.20265,234.0,74.9,134.33, ,1000.0,1035.762
1,174.0306,-41.7607,13000000.0,0.18794,234.0,74.9,127.33, ,1000.0,1035.762
1,174.0288,-41.7587,14000000.0,0.17749,234.0,74.9,119.29, ,1000.0,1035.762
1,174.027,-41.7566,15000000.0,0.17161,234.0,74.9,111.13, ,1000.0,1035.762
1,174.0252,-41.7546,16000000.0,0.16893,234.0,74.9,103.87, ,1000.0,1035.762
1,174.0234,-41.7526,17000000.0,0.16707,234.0,74.9,98.12, ,1000.0,1035.762
1,174.0216,-41.7506,18000000.0,0.16349,234.0,74.9,94.05, ,1000.0,1035.762
1,174.0198,-41.7486,19000000.0,0.15611,234.0,74.9,91.54, ,1000.0,1035.762
1,174.018,-41.7466,20000000.0,0.14356,234.0,74.9,90.32, ,1000.0,1035.762
1,174.0162,-41.7445,21000000.0,0.12516,234.0,74.9,90.0, ,1000.0,1035.762
1,174.0144,-41.7425,22000000.0,0.10084,234.0,74.9,90.0, ,1000.0,1035.762
1,174.0126,-41.7405,23000000.0,0.07104,234.0,74.9,90.0, ,1000.0,1035.762
1,174.0107,-41.7385,24000000.0,0.03683,234.0,74.9,90.0, ,1000.0,1035.762
1,174.0442,-41.7919,0.0,0.0,234.0,74.9,180.0, ,1000.0,1035.762
1,174.0424,-41.7899,1000000.0,0.01812,234.0,74.9,175.05, ,1000.0,1035.762
1,174.0406,-41.7879,2000000.0,0.04511,234.0,74.9,155.85, ,1000.0,1035.762
1,174.0388,-41.7858,3000000.0,0.08033,234.0,74.9,146.18, ,1000.0,1035.762
1,174.037,-41.7838,4000000.0,0.11615,234.0,74.9,141.49, ,1000.0,1035.762
1,174.0352,-41.7818,5000000.0,0.14653,234.0,74.9,139.07, ,1000.0,1035.762
1,174.0333,-41.7798,6000000.0,0.16858,234.0,74.9,137.6, ,1000.0,1035.762
1,174.0315,-41.7778,7000000.0,0.18188,234.0,74.9,136.3, ,1000.0,1035.762
1,174.0297,-41.7758,8000000.0,0.18751,234.0,74.9,134.61, ,1000.0,1035.762
1,174.0279,-41.7738,9000000.0,0.18732,234.0,74.9,132.12, ,1000.0,1035.762
1,174.0261,-41.7717,10000000.0,0.18353,234.0,74.9,128.56, ,1000.0,1035.762
1,174.0243,-41.7697,11000000.0,0.17841,234.0,74.9,123.84, ,1000.0,1035.762
1,174.0225,-41.7677,12000000.0,0.17394,234.0,74.9,118.11, ,1000.0,1035.762
1,174.0207,-41.7657,13000000.0,0.17142,234.0,74.9,111.86, ,1000.0,1035.762
1,174.0189,-41.7637,14000000.0,0.17113,234.0,74.9,105.72, ,1000.0,1035.762
1,174.0171,-41.7617,15000000.0,0.1723,234.0,74.9,100.32, ,1000.0,1035.762
1,174.0152,-41.7596,16000000.0,0.17345,234.0,74.9,96.03, ,1000.0,1035.762
1,174.0134,-41.7576,17000000.0,0.17287,234.0,74.9,92.98, ,1000.0,1035.762
1,174.0116,-41.7556,18000000.0,0.169,234.0,74.9,91.1, ,1000.0,1035.762
1,174.0098,-41.7536,19000000.0,0.16062,234.0,74.9,90.21, ,1000.0,1035.762
1,174.008,-41.7516,20000000.0,0.14694,234.0,74.9,90.0, ,1000.0,1035.762
1,174.0062,-41.7496,21000000.0,0.12754,234.0,74.9,90.0, ,1000.0,1035.762
1,174.0044,-41.7476,22000000.0,0.1024,234.0,74.9,90.0, ,1000.0,1035.762
1,174.0026,-41.7455,23000000.0,0.07198,234.0,74.9,90.0, ,1000.0,1035.762
1,174.0008,-41.7435,24000000.0,0.03727,234.0,74.9,90.0, ,1000.0,1035.762
1,174.0342,-41.7969,0.0,0.0,234.0,74.9,180.0, ,1000.0,1035.762
1,174.0324,-41.7949,1000000.0,0.00578,234.0,74.9,180.0, ,1000.0,1035.762
1,174.0306,-41.7929,2000000.0,0.01893,234.0,74.9,154.47, ,1000.0,1035.762
1,174.0288,-41.7909,3000000.0,0.04087,234.0,74.9,140.22, ,1000.0,1035.762
1,174.027,-41.7888,4000000.0,0.06691,234.0,74.9,133.22, ,1000.0,1035.762
1,174.0252,-41.7868,5000000.0,0.09192,234.0,74.9,129.18, ,1000.0,1035.762
1,174.0234,-41.7848,6000000.0,0.11284,234.0,74.9,126.29, ,1000.0,1035.762
1,174.0216,-41.7828,7000000.0,0.12856,234.0,74.9,123.69, ,1000.0,1035.762
1,174.0197,-41.7808,8000000.0,0.13939,234.0,74.9,120.88, ,1000.0,1035.762
1,174.0179,-41.7788,9000000.0,0.14644,234.0,74.9,117.59, ,1000.0,1035.762
1,174.0161,-41.7768,10000000.0,0.15116,234.0,74.9,113.73, ,1000.0,1035.762
1,174.0143,-41.7747,11000000.0,0.15492,234.0,74.9,109.43, ,1000.0,1035.762
1,174.0125,-41.7727,12000000.0,0.15869,234.0,74.9,104.96, ,1000.0,1035.762
1,174.0107,-41.7707,13000000.0,0.16284,234.0,74.9,100.69, ,1000.0,1035.762
1,174.0089,-41.7687,14000000.0,0.16709,234.0,74.9,96.96, ,1000.0,1035.762
1,174.0071,-41.7667,15000000.0,0.1707,234.0,74.9,94.01, ,1000.0,1035.762
1,174.0053,-41.7647,16000000.0,0.17264,234.0,74.9,91.91, ,1000.0,1035.762
1,174.0035,-41.7627,17000000.0,0.17184,234.0,74.9,90.64, ,1000.0,1035.762
1,174.0016,-41.7606,18000000.0,0.16733,234.0,74.9,90.06, ,1000.0,1035.762
1,173.9998,-41.7586,19000000.0,0.15833,234.0,74.9,90.0, ,1000.0,1035.762
1,173.998,-41.7566,20000000.0,0.14428,234.0,74.9,90.0, ,1000.0,1035.762
1,173.9962,-41.7546,21000000.0,0.12484,234.0,74.9,90.0, ,1000.0,1035.762
1,173.9944,-41.7526,22000000.0,0.10001,234.0,74.9,90.0, ,1000.0,1035.762
1,173.9926,-41.7506,23000000.0,0.07019,234.0,74.9,90.0, ,1000.0,1035.762
1,173.9908,-41.7485,24000000.0,0.03632,234.0,74.9,90.0, ,1000.0,1035.762
1,174.0242,-41.8019,0.0,0.0,234.0,74.9,180.0, ,1000.0,1035.762
1,174.0224,-41.7999,1000000.0,0.00027,234.0,74.9,180.0, ,1000.0,1035.762
1,174.0206,-41.7979,2000000.0,0.00473,234.0,74.9,149.16, ,1000.0,1035.762
1,174.0188,-41.7959,3000000.0,0.01676,234.0,74.9,128.96, ,1000.0,1035.762
1,174.017,-41.7939,4000000.0,0.0348,234.0,74.9,120.9, ,1000.0,1035.762
1,174.0152,-41.7919,5000000.0,0.05519,234.0,74.9,116.38, ,1000.0,1035.762
1,174.0134,-41.7898,6000000.0,0.07496,234.0,74.9,113.17, ,1000.0,1035.762
1,174.0116,-41.7878,7000000.0,0.09243,234.0,74.9,110.38, ,1000.0,1035.762
1,174.0098,-41.7858,8000000.0,0.10705,234.0,74.9,107.64, ,1000.0,1035.762
1,174.008,-41.7838,9000000.0,0.11907,234.0,74.9,104.81, ,1000.0,1035.762
1,174.0061,-41.7818,10000000.0,0.12909,234.0,74.9,101.89, ,1000.0,1035.762
1,174.0043,-41.7798,11000000.0,0.13772,234.0,74.9,99.01, ,1000.0,1035.762
1,174.0025,-41.7777,12000000.0,0.14539,234.0,74.9,96.33, ,1000.0,1035.762
1,174.0007,-41.7757,13000000.0,0.15215,234.0,74.9,94.03, ,1000.0,1035.762
1,173.9989,-41.7737,14000000.0,0.15777,234.0,74.9,92.21, ,1000.0,1035.762
1,173.9971,-41.7717,15000000.0,0.16176,234.0,74.9,90.96, ,1000.0,1035.762
1,173.9953,-41.7697,16000000.0,0.16349,234.0,74.9,90.26, ,1000.0,1035.762
1,173.9935,-41.7677,17000000.0,0.1623,234.0,74.9,90.0, ,1000.0,1035.762
1,173.9917,-41.7657,18000000.0,0.15752,234.0,74.9,90.0, ,1000.0,1035.762
1,173.9899,-41.7636,19000000.0,0.1486,234.0,74.9,90.0, ,1000.0,1035.762
1,173.9881,-41.7616,20000000.0,0.13506,234.0,74.9,90.0, ,1000.0,1035.762
1,173.9862,-41.7596,21000000.0,0.11663,234.0,74.9,90.0, ,1000.0,1035.762
1,173.9844,-41.7576,22000000.0,0.0933,234.0,74.9,90.0, ,1000.0,1035.762
1,173.9826,-41.7556,23000000.0,0.06544,234.0,74.9,90.0, ,1000.0,1035.762
1,173.9808,-41.7536,24000000.0,0.03385,234.0,74.9,90.0, ,1000.0,1035.762
1,174.0143,-41.807,0.0,0.0,234.0,74.9,180.0, ,1000.0,1035.762
1,174.0125,-41.8049,1000000.0,0.0,234.0,74.9,180.0, ,1000.0,1035.762
1,174.0106,-41.8029,2000000.0,0.0,234.0,74.9,180.0, ,1000.0,1035.762
1,174.0088,-41.8009,3000000.0,0.0053,234.0,74.9,106.88, ,1000.0,1035.762
1,174.007,-41.7989,4000000.0,0.0168,234.0,74.9,103.9, ,1000.0,1035.762
1,174.0052,-41.7969,5000000.0,0.03256,234.0,74.9,101.92, ,1000.0,1035.762
1,174.0034,-41.7949,6000000.0,0.05004,234.0,74.9,100.36, ,1000.0,1035.762
1,174.0016,-41.7928,7000000.0,0.06721,234.0,74.9,98.87, ,1000.0,1035.762
1,173.9998,-41.7908,8000000.0,0.08292,234.0,74.9,97.34, ,1000.0,1035.762
1,173.998,-41.7888,9000000.0,0.09671,234.0,74.9,95.78, ,1000.0,1035.762
1,173.9962,-41.7868,10000000.0,0.10862,234.0,74.9,94.25, ,1000.0,1035.762
1,173.9944,-41.7848,11000000.0,0.11882,234.0,74.9,92.85, ,1000.0,1035.762
1,173.9925,-41.7828,12000000.0,0.12749,234.0,74.9,91.69, ,1000.0,1035.762
1,173.9907,-41.7808,13000000.0,0.13466,234.0,74.9,90.83, ,1000.0,1035.762
1,173.9889,-41.7787,14000000.0,0.14021,234.0,74.9,90.26, ,1000.0,1035.762
1,173.9871,-41.7767,15000000.0,0.14387,234.0,74.9,90.0, ,1000.0,1035.762
1,173.9853,-41.7747,16000000.0,0.14525,234.0,74.9,90.0, ,1000.0,1035.762
1,173.9835,-41.7727,17000000.0,0.14392,234.0,74.9,90.0, ,1000.0,1035.762
1,173.9817,-41.7707,18000000.0,0.1394,234.0,74.9,90.0, ,1000.0,1035.762
1,173.9799,-41.7687,19000000.0,0.13124,234.0,74.9,90.0, ,1000.0,1035.762
1,173.9781,-41.7666,20000000.0,0.11909,234.0,74.9,90.0, ,1000.0,1035.762
1,173.9763,-41.7646,21000000.0,0.10273,234.0,74.9,90.0, ,1000.0,1035.762
1,173.9745,-41.7626,22000000.0,0.08214,234.0,74.9,90.0, ,1000.0,1035.762
1,173.9726,-41.7606,23000000.0,0.05761,234.0,74.9,90.0, ,1000.0,1035.762
1,173.9708,-41.7586,24000000.0,0.02981,234.0,74.9,90.0, ,1000.0,1035.762
1,174.0043,-41.812,0.0,0.0,234.0,74.9,180.0, ,1000.0,1035.762
1,174.0025,-41.81,1000000.0,0.0,234.0,74.9,180.0, ,1000.0,1035.762
1,174.0007,-41.8079,2000000.0,0.0,234.0,74.9,180.0, ,1000.0,1035.762
1,173.9988,-41.8059,3000000.0,0.00132,234.0,74.9,90.0, ,1000.0,1035.762
1,173.997,-41.8039,4000000.0,0.00773,234.0,74.9,90.0, ,1000.0,1035.762
1,173.9952,-41.8019,5000000.0,0.01884,234.0,74.9,91.01, ,1000.0,1035.762
1,173.9934,-41.7999,6000000.0,0.03272,234.0,74.9,91.62, ,1000.0,1035.762
1,173.9916,-41.7979,7000000.0,0.04743,234.0,74.9,91.68, ,1000.0,1035.762
1,173.9898,-41.7958,8000000.0,0.06157,234.0,74.9,91.41, ,1000.0,1035.762
1,173.988,-41.7938,9000000.0,0.07436,234.0,74.9,91.0, ,1000.0,1035.762
1,173.9862,-41.7918,10000000.0,0.08554,234.0,74.9,90.56, ,1000.0,1035.762
1,173.9844,-41.7898,11000000.0,0.09508,234.0,74.9,90.19, ,1000.0,1035.762
1,173.9826,-41.7878,12000000.0,0.10302,234.0,74.9,90.0, ,1000.0,1035.762
1,173.9808,-41.7858,13000000.0,0.10941,234.0,74.9,90.0, ,1000.0,1035.762
1,173.9789,-41.7838,14000000.0,0.11421,234.0,74.9,90.0, ,1000.0,1035.762
1,173.9771,-41.7817,15000000.0,0.11726,234.0,74.9,90.0, ,1000.0,1035.762
1,173.9753,-41.7797,16000000.0,0.11833,234.0,74.9,90.0, ,1000.0,1035.762
1,173.9735,-41.7777,17000000.0,0.11713,234.0,74.9,90.0, ,1000.0,1035.762
1,173.9717,-41.7757,18000000.0,0.11331,234.0,74.9,90.0, ,1000.0,1035.762
1,173.9699,-41.7737,19000000.0,0.10657,234.0,74.9,90.0, ,1000.0,1035.762
1,173.9681,-41.7717,20000000.0,0.09663,234.0,74.9,90.0, ,1000.0,1035.762
1,173.9663,-41.7696,21000000.0,0.08332,234.0,74.9,90.0, ,1000.0,1035.762
1,173.9645,-41.7676,22000000.0,0.06663,234.0,74.9,90.0, ,1000.0,1035.762
1,173.9627,-41.7656,23000000.0,0.04676,234.0,74.9,90.0, ,1000.0,1035.762
1,173.9609,-41.7636,24000000.0,0.02422,234.0,74.9,90.0, ,1000.0,1035.762
1,173.9943,-41.817,0.0,0.0,234.0,74.9,180.0, ,1000.0,1035.762
1,173.9925,-41.815,1000000.0,0.0,234.0,74.9,180.0, ,1000.0,1035.762
1,173.9907,-41.813,2000000.0,0.0,234.0,74.9,180.0, ,1000.0,1035.762
1,173.9889,-41.8109,3000000.0,0.0,234.0,74.9,180.0, ,1000.0,1035.762
1,173.9871,-41.8089,4000000.0,0.00298,234.0,74.9,90.0, ,1000.0,1035.762
1,173.9852,-41.8069,5000000.0,0.00986,234.0,74.9,90.0, ,1000.0,1035.762
1,173.9834,-41.8049,6000000.0,0.01944,234.0,74.9,90.0, ,1000.0,1035.762
1,173.9816,-41.8029,7000000.0,0.03014,234.0,74.9,90.0, ,1000.0,1035.762
1,173.9798,-41.8009,8000000.0,0.04076,234.0,74.9,90.0, ,1000.0,1035.762
1,173.978,-41.7989,9000000.0,0.05054,234.0,74.9,90.0, ,1000.0,1035.762
1,173.9762,-41.7968,10000000.0,0.05914,234.0,74.9,90.0, ,1000.0,1035.762
1,173.9744,-41.7948,11000000.0,0.06647,234.0,74.9,90.0, ,1000.0,1035.762
1,173.9726,-41.7928,12000000.0,0.07252,234.0,74.9,90.0, ,1000.0,1035.762
1,173.9708,-41.7908,13000000.0,0.07733,234.0,74.9,90.0, ,1000.0,1035.762
1,173.969,-41.7888,14000000.0,0.08088,234.0,74.9,90.0, ,1000.0,1035.762
1,173.9672,-41.7868,15000000.0,0.0831,234.0,74.9,90.0, ,1000.0,1035.762
1,173.9653,-41.7847,16000000.0,0.08386,234.0,74.9,90.0, ,1000.0,1035.762
1,173.9635,-41.7827,17000000.0,0.08296,234.0,74.9,90.0, ,1000.0,1035.762
1,173.9617,-41.7807,18000000.0,0.08021,234.0,74.9,90.0, ,1000.0,1035.762
1,173.9599,-41.7787,19000000.0,0.0754,234.0,74.9,90.0, ,1000.0,1035.762
1,173.9581,-41.7767,20000000.0,0.06836,234.0,74.9,90.0, ,1000.0,1035.762
1,173.9563,-41.7747,21000000.0,0.05896,234.0,74.9,90.0, ,1000.0,1035.762
1,173.9545,-41.7726,22000000.0,0.04718,234.0,74.9,90.0, ,1000.0,1035.762
1,173.9527,-41.7706,23000000.0,0.03315,234.0,74.9,90.0, ,1000.0,1035.762
1,173.9509,-41.7686,24000000.0,0.0172,234.0,74.9,90.0, ,1000.0,1035.762
1,173.9843,-41.822,0.0,0.00076,234.0,74.9,90.0, ,1000.0,1035.762
1,173.9825,-41.82,1000000.0,0.0,234.0,74.9,180.0, ,1000.0,1035.762
1,173.9807,-41.818,2000000.0,0.0,234.0,74.9,180.0, ,1000.0,1035.762
1,173.9789,-41.816,3000000.0,0.0,234.0,74.9,180.0, ,1000.0,1035.762
1,173.9771,-41.8139,4000000.0,0.00085,234.0,74.9,90.0, ,1000.0,1035.762
1,173.9753,-41.8119,5000000.0,0.00401,234.0,74.9,90.0, ,1000.0,1035.762
1,173.9734,-41.8099,6000000.0,0.00888,234.0,74.9,90.0, ,1000.0,1035.762
1,173.9716,-41.8079,7000000.0,0.01453,234.0,74.9,90.0, ,1000.0,1035.762
1,173.9698,-41.8059,8000000.0,0.02024,234.0,74.9,90.0, ,1000.0,1035.762
1,173.968,-41.8039,9000000.0,0.02556,234.0,74.9,90.0, ,1000.0,1035.762
1,173.9662,-41.8019,10000000.0,0.03025,234.0,74.9,90.0, ,1000.0,1035.762
1,173.9644,-41.7998,11000000.0,0.03424,234.0,74.9,90.0, ,1000.0,1035.762
1,173.9626,-41.7978,12000000.0,0.03752,234.0,74.9,90.0, ,1000.0,1035.762
1,173.9608,-41.7958,13000000.0,0.04011,234.0,74.9,90.0, ,1000.0,1035.762
1,173.959,-41.7938,14000000.0,0.04201,234.0,74.9,90.0, ,1000.0,1035.762
1,173.9572,-41.7918,15000000.0,0.04319,234.0,74.9,90.0, ,1000.0,1035.762
1,173.9554,-41.7898,16000000.0,0.04358,234.0,74.9,90.0, ,1000.0,1035.762
1,173.9536,-41.7877,17000000.0,0.04311,234.0,74.9,90.0, ,1000.0,1035.762
1,173.9517,-41.7857,18000000.0,0.04168,234.0,74.9,90.0, ,1000.0,1035.762
1,173.9499,-41.7837,19000000.0,0.03917,234.0,74.9,90.0, ,1000.0,1035.762
1,173.9481,-41.7817,20000000.0,0.03552,234.0,74.9,90.0, ,1000.0,1035.762
1,173.9463,-41.7797,21000000.0,0.03065,234.0,74.9,90.0, ,1000.0,1035.762
1,173.9445,-41.7777,22000000.0,0.02455,234.0,74.9,90.0, ,1000.0,1035.762
1,173.9427,-41.7756,23000000.0,0.01728,234.0,74.9,90.0, ,1000.0,1035.762
1,173.9409,-41.7736,24000000.0,0.00898,234.0,74.9,90.0, ,1000.0,1035.762
