segment,lon (deg),lat (deg),depth (m),slip (m),strike (deg),dip (deg),rake (deg),rupture time (s),length (m),width (m)
1,165.592,-46.3122,6350.7757,0.04827,23.5,13.37,161.95, ,5000.0,5000.0
1,165.649,-46.3294,7906.5447,0.09934,23.5,18.13,158.09, ,5000.0,5000.0
1,165.704,-46.3463,9769.2467,0.14802,23.5,21.87,157.89, ,5000.0,5000.0
1,165.759,-46.3627,11871.7091,0.18697,23.5,24.86,159.44, ,5000.0,5000.0
1,165.812,-46.3788,14167.4869,0.21082,23.5,27.33,162.18, ,5000.0,5000.0
1,165.864,-46.3946,16625.7292,0.21689,23.5,29.45,166.17, ,5000.0,5000.0
1,165.915,-46.4101,19227.8781,0.20554,23.5,31.36,171.91, ,5000.0,5000.0
1,165.965,-46.4252,21963.4445,0.18043,23.5,33.17,180.54, ,5000.0,5000.0
1,166.014,-46.4401,24828.0856,0.1491,23.5,34.95,194.23, ,5000.0,5000.0
1,166.062,-46.4546,27822.026,0.12369,23.5,36.77,215.64, ,5000.0,5000.0
1,166.109,-46.4688,30947.8406,0.1172,23.5,38.67,242.53, ,5000.0,5000.0
1,166.155,-46.4826,34206.8576,0.1289,23.5,40.65,265.13, ,5000.0,5000.0
1,166.199,-46.496,37600.6372,0.14353,23.5,42.72,279.38, ,5000.0,5000.0
1,166.242,-46.5089,41129.8659,0.1469,23.5,44.85,287.51, ,5000.0,5000.0
1,166.283,-46.5214,44791.1578,0.13012,23.5,47.03,291.18, ,5000.0,5000.0
1,166.323,-46.5334,48578.5848,0.08894,23.5,49.2,287.72, ,5000.0,5000.0
1,166.361,-46.5449,52485.7186,0.03979,23.5,51.34,235.59, ,5000.0,5000.0
1,165.617,-46.271,6350.7757,0.11713,23.5,13.37,165.66, ,5000.0,5000.0
1,165.674,-46.2882,7906.5447,0.23819,23.5,18.13,157.94, ,5000.0,5000.0
1,165.73,-46.305,9769.2467,0.35408,23.5,21.87,157.27, ,5000.0,5000.0
1,165.784,-46.3215,11871.7091,0.44621,23.5,24.86,158.65, ,5000.0,5000.0
1,165.838,-46.3376,14167.4869,0.50223,23.5,27.33,161.21, ,5000.0,5000.0
1,165.89,-46.3534,16625.7292,0.51603,23.5,29.45,164.95, ,5000.0,5000.0
1,165.941,-46.3688,19227.8781,0.48832,23.5,31.36,170.3, ,5000.0,5000.0
1,165.991,-46.384,21963.4445,0.42723,23.5,33.17,178.3, ,5000.0,5000.0
1,166.04,-46.3988,24828.0856,0.34938,23.5,34.95,191.03, ,5000.0,5000.0
1,166.088,-46.4134,27822.026,0.28182,23.5,36.77,211.53, ,5000.0,5000.0
1,166.135,-46.4276,30947.8406,0.25644,23.5,38.67,238.97, ,5000.0,5000.0
1,166.181,-46.4414,34206.8576,0.27689,23.5,40.65,263.25, ,5000.0,5000.0
1,166.225,-46.4548,37600.6372,0.30808,23.5,42.72,278.62, ,5000.0,5000.0
1,166.268,-46.4677,41129.8659,0.31529,23.5,44.85,287.22, ,5000.0,5000.0
1,166.309,-46.4802,44791.1578,0.27796,23.5,47.03,291.07, ,5000.0,5000.0
1,166.349,-46.4922,48578.5848,0.18804,23.5,49.2,288.04, ,5000.0,5000.0
1,166.387,-46.5036,52485.7186,0.07788,23.5,51.34,240.49, ,5000.0,5000.0
1,165.643,-46.2297,6350.7757,0.19935,23.5,13.37,165.49, ,5000.0,5000.0
1,165.7,-46.247,7906.5447,0.40584,23.5,18.13,156.94, ,5000.0,5000.0
1,165.756,-46.2638,9769.2467,0.60188,23.5,21.87,156.13, ,5000.0,5000.0
1,165.81,-46.2803,11871.7091,0.75678,23.5,24.86,157.39, ,5000.0,5000.0
1,165.863,-46.2964,14167.4869,0.85039,23.5,27.33,159.77, ,5000.0,5000.0
1,165.916,-46.3121,16625.7292,0.87259,23.5,29.45,163.22, ,5000.0,5000.0
1,165.967,-46.3276,19227.8781,0.82429,23.5,31.36,168.09, ,5000.0,5000.0
1,166.017,-46.3427,21963.4445,0.71817,23.5,33.17,175.32, ,5000.0,5000.0
1,166.066,-46.3576,24828.0856,0.57993,23.5,34.95,186.85, ,5000.0,5000.0
1,166.114,-46.3721,27822.026,0.45151,23.5,36.77,206.09, ,5000.0,5000.0
1,166.161,-46.3863,30947.8406,0.38822,23.5,38.67,234.15, ,5000.0,5000.0
1,166.207,-46.4001,34206.8576,0.40859,23.5,40.65,260.99, ,5000.0,5000.0
1,166.251,-46.4135,37600.6372,0.45654,23.5,42.72,278.07, ,5000.0,5000.0
1,166.294,-46.4265,41129.8659,0.46999,23.5,44.85,287.33, ,5000.0,5000.0
1,166.335,-46.439,44791.1578,0.41401,23.5,47.03,291.36, ,5000.0,5000.0
1,166.374,-46.4509,48578.5848,0.27652,23.5,49.2,288.33, ,5000.0,5000.0
1,166.412,-46.4624,52485.7186,0.10941,23.5,51.34,238.44, ,5000.0,5000.0
1,165.669,-46.1885,6350.7757,0.29409,23.5,13.37,163.26, ,5000.0,5000.0
1,165.726,-46.2057,7906.5447,0.59614,23.5,18.13,155.25, ,5000.0,5000.0
1,165.782,-46.2226,9769.2467,0.88095,23.5,21.87,154.54, ,5000.0,5000.0
1,165.836,-46.239,11871.7091,1.10521,23.5,24.86,155.73, ,5000.0,5000.0
1,165.889,-46.2551,14167.4869,1.24018,23.5,27.33,157.94, ,5000.0,5000.0
1,165.941,-46.2709,16625.7292,1.27119,23.5,29.45,161.09, ,5000.0,5000.0
1,165.992,-46.2864,19227.8781,1.19901,23.5,31.36,165.45, ,5000.0,5000.0
1,166.043,-46.3015,21963.4445,1.04062,23.5,33.17,171.81, ,5000.0,5000.0
1,166.092,-46.3164,24828.0856,0.82991,23.5,34.95,181.92, ,5000.0,5000.0
1,166.14,-46.3309,27822.026,0.62166,23.5,36.77,199.38, ,5000.0,5000.0
1,166.187,-46.3451,30947.8406,0.49572,23.5,38.67,227.74, ,5000.0,5000.0
1,166.232,-46.3589,34206.8576,0.50154,23.5,40.65,258.18, ,5000.0,5000.0
1,166.277,-46.3723,37600.6372,0.56633,23.5,42.72,277.78, ,5000.0,5000.0
1,166.319,-46.3852,41129.8659,0.59119,23.5,44.85,287.95, ,5000.0,5000.0
1,166.361,-46.3977,44791.1578,0.52284,23.5,47.03,292.17, ,5000.0,5000.0
1,166.4,-46.4097,48578.5848,0.34386,23.5,49.2,288.93, ,5000.0,5000.0
1,166.438,-46.4212,52485.7186,0.13009,23.5,51.34,232.0, ,5000.0,5000.0
1,165.695,-46.1472,6350.7757,0.40018,23.5,13.37,159.86, ,5000.0,5000.0
1,165.752,-46.1645,7906.5447,0.80424,23.5,18.13,153.07, ,5000.0,5000.0
1,165.807,-46.1813,9769.2467,1.18349,23.5,21.87,152.56, ,5000.0,5000.0
1,165.862,-46.1978,11871.7091,1.48184,23.5,24.86,153.74, ,5000.0,5000.0
1,165.915,-46.2139,14167.4869,1.66122,23.5,27.33,155.8, ,5000.0,5000.0
1,165.967,-46.2297,16625.7292,1.70188,23.5,29.45,158.65, ,5000.0,5000.0
1,166.018,-46.2451,19227.8781,1.60413,23.5,31.36,162.49, ,5000.0,5000.0
1,166.068,-46.2603,21963.4445,1.38876,23.5,33.17,167.94, ,5000.0,5000.0
1,166.117,-46.2751,24828.0856,1.0968,23.5,34.95,176.45, ,5000.0,5000.0
1,166.166,-46.2897,27822.026,0.79242,23.5,36.77,191.51, ,5000.0,5000.0
1,166.212,-46.3039,30947.8406,0.57505,23.5,38.67,219.07, ,5000.0,5000.0
1,166.258,-46.3177,34206.8576,0.54305,23.5,40.65,254.27, ,5000.0,5000.0
1,166.302,-46.3311,37600.6372,0.62406,23.5,42.72,277.74, ,5000.0,5000.0
1,166.345,-46.344,41129.8659,0.66808,23.5,44.85,289.15, ,5000.0,5000.0
1,166.386,-46.3565,44791.1578,0.59679,23.5,47.03,293.6, ,5000.0,5000.0
1,166.426,-46.3685,48578.5848,0.38533,23.5,49.2,290.08, ,5000.0,5000.0
1,166.464,-46.3799,52485.7186,0.14011,23.5,51.34,221.44, ,5000.0,5000.0
1,165.72,-46.106,6350.7757,0.51556,23.5,13.37,155.84, ,5000.0,5000.0
1,165.777,-46.1233,7906.5447,1.0249,23.5,18.13,150.51, ,5000.0,5000.0
1,165.833,-46.1401,9769.2467,1.50202,23.5,21.87,150.29, ,5000.0,5000.0
1,165.888,-46.1566,11871.7091,1.87792,23.5,24.86,151.49, ,5000.0,5000.0
1,165.941,-46.1726,14167.4869,2.10469,23.5,27.33,153.43, ,5000.0,5000.0
1,165.993,-46.1884,16625.7292,2.157,23.5,29.45,156.0, ,5000.0,5000.0
1,166.044,-46.2039,19227.8781,2.03433,23.5,31.36,159.34, ,5000.0,5000.0
1,166.094,-46.219,21963.4445,1.76095,23.5,33.17,163.87, ,5000.0,5000.0
1,166.143,-46.2339,24828.0856,1.3841,23.5,34.95,170.71, ,5000.0,5000.0
1,166.191,-46.2484,27822.026,0.97391,23.5,36.77,182.78, ,5000.0,5000.0
1,166.238,-46.2626,30947.8406,0.63776,23.5,38.67,207.44, ,5000.0,5000.0
1,166.284,-46.2764,34206.8576,0.52997,23.5,40.65,247.99, ,5000.0,5000.0
1,166.328,-46.2898,37600.6372,0.62259,23.5,42.72,277.77, ,5000.0,5000.0
1,166.371,-46.3028,41129.8659,0.69532,23.5,44.85,290.99, ,5000.0,5000.0
1,166.412,-46.3153,44791.1578,0.63269,23.5,47.03,295.72, ,5000.0,5000.0
1,166.452,-46.3272,48578.5848,0.39966,23.5,49.2,291.97, ,5000.0,5000.0
1,166.49,-46.3387,52485.7186,0.14442,23.5,51.34,206.09, ,5000.0,5000.0
1,165.746,-46.0648,6350.7757,0.63717,23.5,13.37,151.54, ,5000.0,5000.0
1,165.803,-46.082,7906.5447,1.25161,23.5,18.13,147.7, ,5000.0,5000.0
1,165.859,-46.0989,9769.2467,1.82769,23.5,21.87,147.79, ,5000.0,5000.0
1,165.913,-46.1153,11871.7091,2.28343,23.5,24.86,149.03, ,5000.0,5000.0
1,165.967,-46.1314,14167.4869,2.56069,23.5,27.33,150.88, ,5000.0,5000.0
1,166.019,-46.1472,16625.7292,2.62826,23.5,29.45,153.23, ,5000.0,5000.0
1,166.07,-46.1627,19227.8781,2.48448,23.5,31.36,156.12, ,5000.0,5000.0
1,166.12,-46.1778,21963.4445,2.15679,23.5,33.17,159.79, ,5000.0,5000.0
1,166.169,-46.1927,24828.0856,1.6981,23.5,34.95,165.0, ,5000.0,5000.0
1,166.217,-46.2072,27822.026,1.18254,23.5,36.77,173.81, ,5000.0,5000.0
1,166.264,-46.2214,30947.8406,0.71303,23.5,38.67,192.92, ,5000.0,5000.0
1,166.31,-46.2352,34206.8576,0.47345,23.5,40.65,236.5, ,5000.0,5000.0
1,166.354,-46.2486,37600.6372,0.55966,23.5,42.72,277.44, ,5000.0,5000.0
1,166.397,-46.2615,41129.8659,0.67145,23.5,44.85,293.52, ,5000.0,5000.0
1,166.438,-46.274,44791.1578,0.63036,23.5,47.03,298.61, ,5000.0,5000.0
1,166.478,-46.286,48578.5848,0.38803,23.5,49.2,294.82, ,5000.0,5000.0
1,166.515,-46.2975,52485.7186,0.15262,23.5,51.34,186.22, ,5000.0,5000.0
1,165.772,-46.0235,6350.7757,0.76062,23.5,13.37,147.13, ,5000.0,5000.0
1,165.829,-46.0408,7906.5447,1.47585,23.5,18.13,144.7, ,5000.0,5000.0
1,165.885,-46.0576,9769.2467,2.14906,23.5,21.87,145.11, ,5000.0,5000.0
1,165.939,-46.0741,11871.7091,2.68524,23.5,24.86,146.42, ,5000.0,5000.0
1,165.992,-46.0902,14167.4869,3.01605,23.5,27.33,148.23, ,5000.0,5000.0
1,166.044,-46.106,16625.7292,3.10425,23.5,29.45,150.41, ,5000.0,5000.0
1,166.096,-46.1214,19227.8781,2.9468,23.5,31.36,152.92, ,5000.0,5000.0
1,166.146,-46.1366,21963.4445,2.57394,23.5,33.17,155.87, ,5000.0,5000.0
1,166.195,-46.1514,24828.0856,2.04376,23.5,34.95,159.62, ,5000.0,5000.0
1,166.243,-46.166,27822.026,1.43414,23.5,36.77,165.37, ,5000.0,5000.0
1,166.29,-46.1801,30947.8406,0.83969,23.5,38.67,177.46, ,5000.0,5000.0
1,166.335,-46.194,34206.8576,0.41603,23.5,40.65,214.71, ,5000.0,5000.0
1,166.38,-46.2074,37600.6372,0.43823,23.5,42.72,275.54, ,5000.0,5000.0
1,166.423,-46.2203,41129.8659,0.59856,23.5,44.85,296.88, ,5000.0,5000.0
1,166.464,-46.2328,44791.1578,0.59243,23.5,47.03,302.41, ,5000.0,5000.0
1,166.503,-46.2448,48578.5848,0.35396,23.5,49.2,299.01, ,5000.0,5000.0
1,166.541,-46.2562,52485.7186,0.17452,23.5,51.34,165.19, ,5000.0,5000.0
1,165.798,-45.9823,6350.7757,0.87986,23.5,13.37,142.73, ,5000.0,5000.0
1,165.855,-45.9996,7906.5447,1.68682,23.5,18.13,141.55, ,5000.0,5000.0
1,165.91,-46.0164,9769.2467,2.45145,23.5,21.87,142.28, ,5000.0,5000.0
1,165.965,-46.0328,11871.7091,3.06614,23.5,24.86,143.69, ,5000.0,5000.0
1,166.018,-46.0489,14167.4869,3.45281,23.5,27.33,145.5, ,5000.0,5000.0
1,166.07,-46.0647,16625.7292,3.56842,23.5,29.45,147.58, ,5000.0,5000.0
1,166.121,-46.0802,19227.8781,3.4083,23.5,31.36,149.83, ,5000.0,5000.0
1,166.171,-46.0953,21963.4445,3.00477,23.5,33.17,152.21, ,5000.0,5000.0
1,166.221,-46.1102,24828.0856,2.42009,23.5,34.95,154.82, ,5000.0,5000.0
1,166.269,-46.1247,27822.026,1.73583,23.5,36.77,158.13, ,5000.0,5000.0
1,166.316,-46.1389,30947.8406,1.04286,23.5,38.67,164.1, ,5000.0,5000.0
1,166.361,-46.1527,34206.8576,0.44814,23.5,40.65,183.54, ,5000.0,5000.0
1,166.405,-46.1661,37600.6372,0.27013,23.5,42.72,267.37, ,5000.0,5000.0
1,166.448,-46.1791,41129.8659,0.48302,23.5,44.85,301.53, ,5000.0,5000.0
1,166.49,-46.1915,44791.1578,0.52473,23.5,47.03,307.46, ,5000.0,5000.0
1,166.529,-46.2035,48578.5848,0.30378,23.5,49.2,305.33, ,5000.0,5000.0
1,166.567,-46.215,52485.7186,0.21187,23.5,51.34,147.23, ,5000.0,5000.0
1,165.824,-45.9411,6350.7757,0.98712,23.5,13.37,138.36, ,5000.0,5000.0
1,165.881,-45.9583,7906.5447,1.87153,23.5,18.13,138.29, ,5000.0,5000.0
1,165.936,-45.9752,9769.2467,2.71711,23.5,21.87,139.33, ,5000.0,5000.0
1,165.991,-45.9916,11871.7091,3.40474,23.5,24.86,140.86, ,5000.0,5000.0
1,166.044,-46.0077,14167.4869,3.84776,23.5,27.33,142.72, ,5000.0,5000.0
1,166.096,-46.0235,16625.7292,3.99795,23.5,29.45,144.78, ,5000.0,5000.0
1,166.147,-46.0389,19227.8781,3.84883,23.5,31.36,146.89, ,5000.0,5000.0
1,166.197,-46.0541,21963.4445,3.43342,23.5,33.17,148.91, ,5000.0,5000.0
1,166.246,-46.069,24828.0856,2.81596,23.5,34.95,150.74, ,5000.0,5000.0
1,166.294,-46.0835,27822.026,2.08009,23.5,36.77,152.42, ,5000.0,5000.0
1,166.341,-46.0977,30947.8406,1.31721,23.5,38.67,154.44, ,5000.0,5000.0
1,166.387,-46.1115,34206.8576,0.6181,23.5,40.65,159.56, ,5000.0,5000.0
1,166.431,-46.1249,37600.6372,0.11721,23.5,42.72,217.34, ,5000.0,5000.0
1,166.474,-46.1378,41129.8659,0.3372,23.5,44.85,309.2, ,5000.0,5000.0
1,166.515,-46.1503,44791.1578,0.43733,23.5,47.03,314.58, ,5000.0,5000.0
1,166.555,-46.1623,48578.5848,0.24749,23.5,49.2,315.42, ,5000.0,5000.0
1,166.593,-46.1738,52485.7186,0.25765,23.5,51.34,133.46, ,5000.0,5000.0
1,165.849,-45.8998,6350.7757,1.07354,23.5,13.37,134.01, ,5000.0,5000.0
1,165.906,-45.9171,7906.5447,2.01589,23.5,18.13,134.93, ,5000.0,5000.0
1,165.962,-45.9339,9769.2467,2.92652,23.5,21.87,136.27, ,5000.0,5000.0
1,166.016,-45.9504,11871.7091,3.67683,23.5,24.86,137.96, ,5000.0,5000.0
1,166.07,-45.9665,14167.4869,4.17347,23.5,27.33,139.92, ,5000.0,5000.0
1,166.122,-45.9823,16625.7292,4.36422,23.5,29.45,142.03, ,5000.0,5000.0
1,166.173,-45.9977,19227.8781,4.24052,23.5,31.36,144.12, ,5000.0,5000.0
1,166.223,-46.0129,21963.4445,3.83399,23.5,33.17,145.99, ,5000.0,5000.0
1,166.272,-46.0277,24828.0856,3.20711,23.5,34.95,147.41, ,5000.0,5000.0
1,166.32,-46.0423,27822.026,2.44212,23.5,36.77,148.2, ,5000.0,5000.0
1,166.367,-46.0564,30947.8406,1.63138,23.5,38.67,148.2, ,5000.0,5000.0
1,166.413,-46.0703,34206.8576,0.86835,23.5,40.65,147.24, ,5000.0,5000.0
1,166.457,-46.0836,37600.6372,0.2388,23.5,42.72,144.15, ,5000.0,5000.0
1,166.5,-46.0966,41129.8659,0.18582,23.5,44.85,328.14, ,5000.0,5000.0
1,166.541,-46.1091,44791.1578,0.34609,23.5,47.03,325.58, ,5000.0,5000.0
1,166.581,-46.1211,48578.5848,0.20049,23.5,49.2,331.85, ,5000.0,5000.0
1,166.619,-46.1325,52485.7186,0.30247,23.5,51.34,122.62, ,5000.0,5000.0
1,165.875,-45.8586,6350.7757,1.13053,23.5,13.37,129.62, ,5000.0,5000.0
1,165.932,-45.8758,7906.5447,2.10659,23.5,18.13,131.46, ,5000.0,5000.0
1,165.988,-45.8927,9769.2467,3.06085,23.5,21.87,133.13, ,5000.0,5000.0
1,166.042,-45.9091,11871.7091,3.85816,23.5,24.86,135.0, ,5000.0,5000.0
1,166.095,-45.9252,14167.4869,4.40117,23.5,27.33,137.11, ,5000.0,5000.0
1,166.148,-45.941,16625.7292,4.63512,23.5,29.45,139.35, ,5000.0,5000.0
1,166.199,-45.9565,19227.8781,4.54905,23.5,31.36,141.54, ,5000.0,5000.0
1,166.249,-45.9716,21963.4445,4.17036,23.5,33.17,143.44, ,5000.0,5000.0
1,166.298,-45.9865,24828.0856,3.55506,23.5,34.95,144.77, ,5000.0,5000.0
1,166.346,-46.001,27822.026,2.77996,23.5,36.77,145.23, ,5000.0,5000.0
1,166.393,-46.0152,30947.8406,1.93757,23.5,38.67,144.39, ,5000.0,5000.0
1,166.439,-46.029,34206.8576,1.12833,23.5,40.65,141.27, ,5000.0,5000.0
1,166.483,-46.0424,37600.6372,0.45136,23.5,42.72,131.06, ,5000.0,5000.0
1,166.526,-46.0554,41129.8659,0.11725,23.5,44.85,31.92, ,5000.0,5000.0
1,166.567,-46.0678,44791.1578,0.27491,23.5,47.03,343.27, ,5000.0,5000.0
1,166.606,-46.0798,48578.5848,0.18285,23.5,49.2,354.68, ,5000.0,5000.0
1,166.644,-46.0913,52485.7186,0.3392,23.5,51.34,113.18, ,5000.0,5000.0
1,165.901,-45.8174,6350.7757,1.15159,23.5,13.37,125.09, ,5000.0,5000.0
1,165.958,-45.8346,7906.5447,2.13346,23.5,18.13,127.86, ,5000.0,5000.0
1,166.014,-45.8515,9769.2467,3.10502,23.5,21.87,129.89, ,5000.0,5000.0
1,166.068,-45.8679,11871.7091,3.92828,23.5,24.86,131.99, ,5000.0,5000.0
1,166.121,-45.884,14167.4869,4.5048,23.5,27.33,134.29, ,5000.0,5000.0
1,166.173,-45.8998,16625.7292,4.77894,23.5,29.45,136.73, ,5000.0,5000.0
1,166.224,-45.9152,19227.8781,4.73673,23.5,31.36,139.12, ,5000.0,5000.0
1,166.275,-45.9304,21963.4445,4.39822,23.5,33.17,141.2, ,5000.0,5000.0
1,166.324,-45.9453,24828.0856,3.80891,23.5,34.95,142.68, ,5000.0,5000.0
1,166.372,-45.9598,27822.026,3.03799,23.5,36.77,143.16, ,5000.0,5000.0
1,166.419,-45.974,30947.8406,2.17888,23.5,38.67,142.05, ,5000.0,5000.0
1,166.464,-45.9878,34206.8576,1.34052,23.5,40.65,138.04, ,5000.0,5000.0
1,166.509,-46.0012,37600.6372,0.634,23.5,42.72,126.45, ,5000.0,5000.0
1,166.551,-46.0141,41129.8659,0.21303,23.5,44.85,74.85, ,5000.0,5000.0
1,166.593,-46.0266,44791.1578,0.25251,23.5,47.03,6.9, ,5000.0,5000.0
1,166.632,-46.0386,48578.5848,0.20441,23.5,49.2,15.54, ,5000.0,5000.0
1,166.67,-46.05,52485.7186,0.36494,23.5,51.34,103.95, ,5000.0,5000.0
1,165.927,-45.7761,6350.7757,1.13406,23.5,13.37,120.27, ,5000.0,5000.0
1,165.984,-45.7934,7906.5447,2.09157,23.5,18.13,124.08, ,5000.0,5000.0
1,166.039,-45.8102,9769.2467,3.05066,23.5,21.87,126.53, ,5000.0,5000.0
1,166.094,-45.8267,11871.7091,3.87416,23.5,24.86,128.9, ,5000.0,5000.0
1,166.147,-45.8428,14167.4869,4.46535,23.5,27.33,131.44, ,5000.0,5000.0
1,166.199,-45.8585,16625.7292,4.7689,23.5,29.45,134.13, ,5000.0,5000.0
1,166.25,-45.874,19227.8781,4.76695,23.5,31.36,136.8, ,5000.0,5000.0
1,166.3,-45.8892,21963.4445,4.47,23.5,33.17,139.17, ,5000.0,5000.0
1,166.349,-45.904,24828.0856,3.91194,23.5,34.95,140.93, ,5000.0,5000.0
1,166.397,-45.9186,27822.026,3.15626,23.5,36.77,141.6, ,5000.0,5000.0
1,166.444,-45.9327,30947.8406,2.29982,23.5,38.67,140.38, ,5000.0,5000.0
1,166.49,-45.9466,34206.8576,1.45987,23.5,40.65,135.66, ,5000.0,5000.0
1,166.534,-45.9599,37600.6372,0.75553,23.5,42.72,122.72, ,5000.0,5000.0
1,166.577,-45.9729,41129.8659,0.32797,23.5,44.85,82.64, ,5000.0,5000.0
1,166.618,-45.9854,44791.1578,0.28615,23.5,47.03,26.75, ,5000.0,5000.0
1,166.658,-45.9973,48578.5848,0.25296,23.5,49.2,27.92, ,5000.0,5000.0
1,166.696,-46.0088,52485.7186,0.38099,23.5,51.34,94.32, ,5000.0,5000.0
1,165.952,-45.7349,6350.7757,1.07972,23.5,13.37,114.98, ,5000.0,5000.0
1,166.009,-45.7521,7906.5447,1.98235,23.5,18.13,120.05, ,5000.0,5000.0
1,166.065,-45.769,9769.2467,2.89777,23.5,21.87,123.0, ,5000.0,5000.0
1,166.12,-45.7854,11871.7091,3.69272,23.5,24.86,125.68, ,5000.0,5000.0
1,166.173,-45.8015,14167.4869,4.27417,23.5,27.33,128.49, ,5000.0,5000.0
1,166.225,-45.8173,16625.7292,4.58754,23.5,29.45,131.46, ,5000.0,5000.0
1,166.276,-45.8328,19227.8781,4.61054,23.5,31.36,134.43, ,5000.0,5000.0
1,166.326,-45.8479,21963.4445,4.34459,23.5,33.17,137.15, ,5000.0,5000.0
1,166.375,-45.8628,24828.0856,3.81595,23.5,34.95,139.25, ,5000.0,5000.0
1,166.423,-45.8773,27822.026,3.08819,23.5,36.77,140.13, ,5000.0,5000.0
1,166.47,-45.8915,30947.8406,2.26356,23.5,38.67,138.71, ,5000.0,5000.0
1,166.516,-45.9053,34206.8576,1.46336,23.5,40.65,132.95, ,5000.0,5000.0
1,166.56,-45.9187,37600.6372,0.80779,23.5,42.72,117.86, ,5000.0,5000.0
1,166.603,-45.9317,41129.8659,0.42403,23.5,44.85,81.25, ,5000.0,5000.0
1,166.644,-45.9441,44791.1578,0.35151,23.5,47.03,37.61, ,5000.0,5000.0
1,166.684,-45.9561,48578.5848,0.31146,23.5,49.2,33.69, ,5000.0,5000.0
1,166.722,-45.9676,52485.7186,0.39023,23.5,51.34,84.27, ,5000.0,5000.0
1,165.978,-45.6937,6350.7757,0.99403,23.5,13.37,109.06, ,5000.0,5000.0
1,166.035,-45.7109,7906.5447,1.81321,23.5,18.13,115.63, ,5000.0,5000.0
1,166.091,-45.7277,9769.2467,2.65493,23.5,21.87,119.17, ,5000.0,5000.0
1,166.145,-45.7442,11871.7091,3.3918,23.5,24.86,122.18, ,5000.0,5000.0
1,166.199,-45.7603,14167.4869,3.93538,23.5,27.33,125.27, ,5000.0,5000.0
1,166.251,-45.7761,16625.7292,4.23192,23.5,29.45,128.51, ,5000.0,5000.0
1,166.302,-45.7915,19227.8781,4.25561,23.5,31.36,131.8, ,5000.0,5000.0
1,166.352,-45.8067,21963.4445,4.00345,23.5,33.17,134.87, ,5000.0,5000.0
1,166.401,-45.8216,24828.0856,3.50263,23.5,34.95,137.31, ,5000.0,5000.0
1,166.449,-45.8361,27822.026,2.82308,23.5,36.77,138.33, ,5000.0,5000.0
1,166.496,-45.8503,30947.8406,2.07012,23.5,38.67,136.48, ,5000.0,5000.0
1,166.542,-45.8641,34206.8576,1.36022,23.5,40.65,129.13, ,5000.0,5000.0
1,166.586,-45.8775,37600.6372,0.80451,23.5,42.72,111.22, ,5000.0,5000.0
1,166.629,-45.8904,41129.8659,0.50041,23.5,44.85,76.83, ,5000.0,5000.0
1,166.67,-45.9029,44791.1578,0.42146,23.5,47.03,42.5, ,5000.0,5000.0
1,166.71,-45.9149,48578.5848,0.3657,23.5,49.2,35.89, ,5000.0,5000.0
1,166.747,-45.9263,52485.7186,0.3929,23.5,51.34,74.16, ,5000.0,5000.0
1,166.004,-45.6524,6350.7757,0.88399,23.5,13.37,102.33, ,5000.0,5000.0
1,166.061,-45.6697,7906.5447,1.59602,23.5,18.13,110.66, ,5000.0,5000.0
1,166.117,-45.6865,9769.2467,2.33829,23.5,21.87,114.87, ,5000.0,5000.0
1,166.171,-45.703,11871.7091,2.99013,23.5,24.86,118.24, ,5000.0,5000.0
1,166.224,-45.7191,14167.4869,3.46805,23.5,27.33,121.56, ,5000.0,5000.0
1,166.276,-45.7348,16625.7292,3.71976,23.5,29.45,125.04, ,5000.0,5000.0
1,166.328,-45.7503,19227.8781,3.71936,23.5,31.36,128.62, ,5000.0,5000.0
1,166.378,-45.7655,21963.4445,3.46749,23.5,33.17,132.06, ,5000.0,5000.0
1,166.427,-45.7803,24828.0856,3.00144,23.5,34.95,134.85, ,5000.0,5000.0
1,166.475,-45.7948,27822.026,2.39933,23.5,36.77,135.94, ,5000.0,5000.0
1,166.522,-45.809,30947.8406,1.76154,23.5,38.67,133.38, ,5000.0,5000.0
1,166.567,-45.8228,34206.8576,1.18804,23.5,40.65,124.0, ,5000.0,5000.0
1,166.612,-45.8362,37600.6372,0.76814,23.5,42.72,103.57, ,5000.0,5000.0
1,166.654,-45.8492,41129.8659,0.5518,23.5,44.85,72.3, ,5000.0,5000.0
1,166.696,-45.8617,44791.1578,0.4727,23.5,47.03,44.48, ,5000.0,5000.0
1,166.735,-45.8736,48578.5848,0.40141,23.5,49.2,35.96, ,5000.0,5000.0
1,166.773,-45.8851,52485.7186,0.38428,23.5,51.34,64.14, ,5000.0,5000.0
1,166.03,-45.6112,6350.7757,0.75598,23.5,13.37,94.58, ,5000.0,5000.0
1,166.087,-45.6284,7906.5447,1.34536,23.5,18.13,104.94, ,5000.0,5000.0
1,166.142,-45.6453,9769.2467,1.97007,23.5,21.87,109.93, ,5000.0,5000.0
1,166.197,-45.6617,11871.7091,2.51665,23.5,24.86,113.63, ,5000.0,5000.0
1,166.25,-45.6778,14167.4869,2.90717,23.5,27.33,117.14, ,5000.0,5000.0
1,166.302,-45.6936,16625.7292,3.0929,23.5,29.45,120.8, ,5000.0,5000.0
1,166.353,-45.7091,19227.8781,3.05313,23.5,31.36,124.66, ,5000.0,5000.0
1,166.403,-45.7242,21963.4445,2.80013,23.5,33.17,128.52, ,5000.0,5000.0
1,166.453,-45.7391,24828.0856,2.38601,23.5,34.95,131.8, ,5000.0,5000.0
1,166.501,-45.7536,27822.026,1.89237,23.5,36.77,133.07, ,5000.0,5000.0
1,166.547,-45.7678,30947.8406,1.40254,23.5,38.67,129.78, ,5000.0,5000.0
1,166.593,-45.7816,34206.8576,0.98822,23.5,40.65,118.5, ,5000.0,5000.0
1,166.637,-45.795,37600.6372,0.70543,23.5,42.72,96.89, ,5000.0,5000.0
1,166.68,-45.808,41129.8659,0.55934,23.5,44.85,68.95, ,5000.0,5000.0
1,166.721,-45.8204,44791.1578,0.48334,23.5,47.03,44.57, ,5000.0,5000.0
1,166.761,-45.8324,48578.5848,0.4058,23.5,49.2,33.7, ,5000.0,5000.0
1,166.799,-45.8439,52485.7186,0.35797,23.5,51.34,53.35, ,5000.0,5000.0
1,166.056,-45.57,6350.7757,0.61539,23.5,13.37,85.36, ,5000.0,5000.0
1,166.113,-45.5872,7906.5447,1.07732,23.5,18.13,98.19, ,5000.0,5000.0
1,166.168,-45.604,9769.2467,1.57674,23.5,21.87,104.12, ,5000.0,5000.0
1,166.223,-45.6205,11871.7091,2.00821,23.5,24.86,108.17, ,5000.0,5000.0
1,166.276,-45.6366,14167.4869,2.30078,23.5,27.33,111.8, ,5000.0,5000.0
1,166.328,-45.6524,16625.7292,2.41231,23.5,29.45,115.59, ,5000.0,5000.0
1,166.379,-45.6678,19227.8781,2.33211,23.5,31.36,119.77, ,5000.0,5000.0
1,166.429,-45.683,21963.4445,2.08822,23.5,33.17,124.3, ,5000.0,5000.0
1,166.478,-45.6978,24828.0856,1.74605,23.5,34.95,128.55, ,5000.0,5000.0
1,166.526,-45.7124,27822.026,1.38103,23.5,36.77,130.63, ,5000.0,5000.0
1,166.573,-45.7266,30947.8406,1.04683,23.5,38.67,127.28, ,5000.0,5000.0
1,166.619,-45.7404,34206.8576,0.77833,23.5,40.65,115.05, ,5000.0,5000.0
1,166.663,-45.7538,37600.6372,0.59977,23.5,42.72,93.25, ,5000.0,5000.0
1,166.706,-45.7667,41129.8659,0.50066,23.5,44.85,66.48, ,5000.0,5000.0
1,166.747,-45.7792,44791.1578,0.43933,23.5,47.03,41.69, ,5000.0,5000.0
1,166.787,-45.7912,48578.5848,0.37558,23.5,49.2,27.18, ,5000.0,5000.0
1,166.825,-45.8026,52485.7186,0.31478,23.5,51.34,39.31, ,5000.0,5000.0
1,166.081,-45.5287,6350.7757,0.46965,23.5,13.37,73.43, ,5000.0,5000.0
1,166.138,-45.546,7906.5447,0.80934,23.5,18.13,89.96, ,5000.0,5000.0
1,166.194,-45.5628,9769.2467,1.18684,23.5,21.87,97.25, ,5000.0,5000.0
1,166.248,-45.5793,11871.7091,1.50515,23.5,24.86,101.69, ,5000.0,5000.0
1,166.302,-45.5954,14167.4869,1.70217,23.5,27.33,105.4, ,5000.0,5000.0
1,166.354,-45.6111,16625.7292,1.74495,23.5,29.45,109.27, ,5000.0,5000.0
1,166.405,-45.6266,19227.8781,1.63472,23.5,31.36,113.93, ,5000.0,5000.0
1,166.455,-45.6418,21963.4445,1.41408,23.5,33.17,119.79, ,5000.0,5000.0
1,166.504,-45.6566,24828.0856,1.15608,23.5,34.95,126.37, ,5000.0,5000.0
1,166.552,-45.6711,27822.026,0.92053,23.5,36.77,131.13, ,5000.0,5000.0
1,166.599,-45.6853,30947.8406,0.72144,23.5,38.67,129.53, ,5000.0,5000.0
1,166.645,-45.6991,34206.8576,0.55535,23.5,40.65,117.57, ,5000.0,5000.0
1,166.689,-45.7125,37600.6372,0.43361,23.5,42.72,94.02, ,5000.0,5000.0
1,166.732,-45.7255,41129.8659,0.36834,23.5,44.85,62.24, ,5000.0,5000.0
1,166.773,-45.738,44791.1578,0.34961,23.5,47.03,31.39, ,5000.0,5000.0
1,166.813,-45.7499,48578.5848,0.33028,23.5,49.2,12.56, ,5000.0,5000.0
1,166.851,-45.7614,52485.7186,0.27403,23.5,51.34,18.36, ,5000.0,5000.0
1,166.107,-45.4875,6350.7757,0.33474,23.5,13.37,55.75, ,5000.0,5000.0
1,166.164,-45.5047,7906.5447,0.56085,23.5,18.13,79.3, ,5000.0,5000.0
1,166.22,-45.5216,9769.2467,0.82822,23.5,21.87,89.06, ,5000.0,5000.0
1,166.274,-45.538,11871.7091,1.04544,23.5,24.86,94.17, ,5000.0,5000.0
1,166.327,-45.5541,14167.4869,1.16025,23.5,27.33,97.9, ,5000.0,5000.0
1,166.38,-45.5699,16625.7292,1.14971,23.5,29.45,101.82, ,5000.0,5000.0
1,166.431,-45.5854,19227.8781,1.02486,23.5,31.36,107.34, ,5000.0,5000.0
1,166.481,-45.6005,21963.4445,0.83755,23.5,33.17,116.15, ,5000.0,5000.0
1,166.53,-45.6154,24828.0856,0.66509,23.5,34.95,128.75, ,5000.0,5000.0
1,166.578,-45.6299,27822.026,0.54848,23.5,36.77,140.61, ,5000.0,5000.0
1,166.625,-45.6441,30947.8406,0.45234,23.5,38.67,144.03, ,5000.0,5000.0
1,166.67,-45.6579,34206.8576,0.33516,23.5,40.65,134.21, ,5000.0,5000.0
1,166.715,-45.6713,37600.6372,0.21558,23.5,42.72,102.98, ,5000.0,5000.0
1,166.758,-45.6843,41129.8659,0.193,23.5,44.85,43.49, ,5000.0,5000.0
1,166.799,-45.6967,44791.1578,0.27437,23.5,47.03,4.4, ,5000.0,5000.0
1,166.838,-45.7087,48578.5848,0.31937,23.5,49.2,349.06, ,5000.0,5000.0
1,166.876,-45.7202,52485.7186,0.27073,23.5,51.34,352.05, ,5000.0,5000.0
1,166.133,-45.4463,6350.7757,0.24127,23.5,13.37,27.88, ,5000.0,5000.0
1,166.19,-45.4635,7906.5447,0.35346,23.5,18.13,64.21, ,5000.0,5000.0
1,166.246,-45.4803,9769.2467,0.52493,23.5,21.87,79.3, ,5000.0,5000.0
1,166.3,-45.4968,11871.7091,0.6591,23.5,24.86,85.75, ,5000.0,5000.0
1,166.353,-45.5129,14167.4869,0.71161,23.5,27.33,89.5, ,5000.0,5000.0
1,166.405,-45.5287,16625.7292,0.66804,23.5,29.45,93.34, ,5000.0,5000.0
1,166.456,-45.5441,19227.8781,0.54374,23.5,31.36,100.44, ,5000.0,5000.0
1,166.507,-45.5593,21963.4445,0.39463,23.5,33.17,116.8, ,5000.0,5000.0
1,166.556,-45.5741,24828.0856,0.31595,23.5,34.95,146.56, ,5000.0,5000.0
1,166.604,-45.5887,27822.026,0.32498,23.5,36.77,171.27, ,5000.0,5000.0
1,166.651,-45.6029,30947.8406,0.31146,23.5,38.67,180.99, ,5000.0,5000.0
1,166.696,-45.6167,34206.8576,0.21618,23.5,40.65,184.16, ,5000.0,5000.0
1,166.741,-45.6301,37600.6372,0.05961,23.5,42.72,210.03, ,5000.0,5000.0
1,166.783,-45.643,41129.8659,0.15248,23.5,44.85,328.46, ,5000.0,5000.0
1,166.825,-45.6555,44791.1578,0.30695,23.5,47.03,330.25, ,5000.0,5000.0
1,166.864,-45.6675,48578.5848,0.36731,23.5,49.2,328.29, ,5000.0,5000.0
1,166.902,-45.6789,52485.7186,0.30593,23.5,51.34,331.52, ,5000.0,5000.0
1,166.159,-45.405,6350.7757,0.21067,23.5,13.37,355.55, ,5000.0,5000.0
1,166.216,-45.4223,7906.5447,0.20676,23.5,18.13,41.68, ,5000.0,5000.0
1,166.271,-45.4391,9769.2467,0.29321,23.5,21.87,67.69, ,5000.0,5000.0
1,166.326,-45.4556,11871.7091,0.36415,23.5,24.86,77.0, ,5000.0,5000.0
1,166.379,-45.4717,14167.4869,0.37649,23.5,27.33,80.74, ,5000.0,5000.0
1,166.431,-45.4874,16625.7292,0.32127,23.5,29.45,83.89, ,5000.0,5000.0
1,166.482,-45.5029,19227.8781,0.2115,23.5,31.36,93.5, ,5000.0,5000.0
1,166.532,-45.5181,21963.4445,0.11408,23.5,33.17,140.32, ,5000.0,5000.0
1,166.581,-45.5329,24828.0856,0.18622,23.5,34.95,199.04, ,5000.0,5000.0
1,166.629,-45.5474,27822.026,0.28833,23.5,36.77,213.14, ,5000.0,5000.0
1,166.676,-45.5616,30947.8406,0.3179,23.5,38.67,219.87, ,5000.0,5000.0
1,166.722,-45.5754,34206.8576,0.26962,23.5,40.65,232.38, ,5000.0,5000.0
1,166.766,-45.5888,37600.6372,0.22046,23.5,42.72,265.03, ,5000.0,5000.0
1,166.809,-45.6018,41129.8659,0.28472,23.5,44.85,300.71, ,5000.0,5000.0
1,166.85,-45.6143,44791.1578,0.38748,23.5,47.03,314.08, ,5000.0,5000.0
1,166.89,-45.6262,48578.5848,0.41493,23.5,49.2,317.81, ,5000.0,5000.0
1,166.928,-45.6377,52485.7186,0.32765,23.5,51.34,320.91, ,5000.0,5000.0
1,166.184,-45.3638,6350.7757,0.19786,23.5,13.37,334.14, ,5000.0,5000.0
1,166.241,-45.381,7906.5447,0.12128,23.5,18.13,13.04, ,5000.0,5000.0
1,166.297,-45.3979,9769.2467,0.13683,23.5,21.87,54.63, ,5000.0,5000.0
1,166.351,-45.4143,11871.7091,0.16474,23.5,24.86,69.51, ,5000.0,5000.0
1,166.405,-45.4304,14167.4869,0.15828,23.5,27.33,73.0, ,5000.0,5000.0
1,166.457,-45.4462,16625.7292,0.11172,23.5,29.45,72.55, ,5000.0,5000.0
1,166.508,-45.4617,19227.8781,0.03109,23.5,31.36,78.81, ,5000.0,5000.0
1,166.558,-45.4768,21963.4445,0.07575,23.5,33.17,235.75, ,5000.0,5000.0
1,166.607,-45.4917,24828.0856,0.18643,23.5,34.95,236.71, ,5000.0,5000.0
1,166.655,-45.5062,27822.026,0.27243,23.5,36.77,237.61, ,5000.0,5000.0
1,166.702,-45.5204,30947.8406,0.30707,23.5,38.67,242.18, ,5000.0,5000.0
1,166.748,-45.5342,34206.8576,0.29487,23.5,40.65,254.25, ,5000.0,5000.0
1,166.792,-45.5476,37600.6372,0.2872,23.5,42.72,276.37, ,5000.0,5000.0
1,166.835,-45.5605,41129.8659,0.33132,23.5,44.85,298.21, ,5000.0,5000.0
1,166.876,-45.573,44791.1578,0.38726,23.5,47.03,309.83, ,5000.0,5000.0
1,166.916,-45.585,48578.5848,0.38306,23.5,49.2,314.41, ,5000.0,5000.0
1,166.954,-45.5965,52485.7186,0.28311,23.5,51.34,316.85, ,5000.0,5000.0
1,166.21,-45.3226,6350.7757,0.13775,23.5,13.37,323.93, ,5000.0,5000.0
1,166.267,-45.3398,7906.5447,0.06129,23.5,18.13,349.96, ,5000.0,5000.0
1,166.323,-45.3566,9769.2467,0.04524,23.5,21.87,43.0, ,5000.0,5000.0
1,166.377,-45.3731,11871.7091,0.05124,23.5,24.86,67.21, ,5000.0,5000.0
1,166.43,-45.3892,14167.4869,0.04345,23.5,27.33,69.99, ,5000.0,5000.0
1,166.483,-45.405,16625.7292,0.02018,23.5,29.45,52.65, ,5000.0,5000.0
1,166.534,-45.4204,19227.8781,0.0219,23.5,31.36,283.55, ,5000.0,5000.0
1,166.584,-45.4356,21963.4445,0.06727,23.5,33.17,260.66, ,5000.0,5000.0
1,166.633,-45.4504,24828.0856,0.11897,23.5,34.95,254.01, ,5000.0,5000.0
1,166.681,-45.465,27822.026,0.16387,23.5,36.77,252.84, ,5000.0,5000.0
1,166.728,-45.4792,30947.8406,0.18816,23.5,38.67,256.85, ,5000.0,5000.0
1,166.774,-45.493,34206.8576,0.19253,23.5,40.65,267.51, ,5000.0,5000.0
1,166.818,-45.5064,37600.6372,0.19814,23.5,42.72,284.47, ,5000.0,5000.0
1,166.861,-45.5193,41129.8659,0.22116,23.5,44.85,300.67, ,5000.0,5000.0
1,166.902,-45.5318,44791.1578,0.24358,23.5,47.03,310.3, ,5000.0,5000.0
1,166.941,-45.5438,48578.5848,0.23067,23.5,49.2,314.56, ,5000.0,5000.0
1,166.979,-45.5552,52485.7186,0.15508,23.5,51.34,316.31, ,5000.0,5000.0
